Cabal                            > configure
data-default-instances-old-locale> configure
hslogger                         > configure
primitive                        > configure
reflection                       > configure
rope-utf16-splay                 > configure
semigroups                       > configure
sorted-list                      > configure
split                            > configure
random                           > configure
random                           > Warning: random.cabal:15:2: Tabs used as indentation at 15:2, 16:2, 17:2
reflection                       > Configuring reflection-2.1.4...
semigroups                       > Configuring semigroups-0.18.5...
hslogger                         > Configuring hslogger-1.2.12...
rope-utf16-splay                 > Configuring rope-utf16-splay-0.3.1.0...
split                            > Configuring split-0.2.3.3...
data-default-instances-old-locale> Configuring data-default-instances-old-locale-0.0.1...
primitive                        > Configuring primitive-0.6.4.0...
random                           > Configuring random-1.1...
sorted-list                      > Configuring sorted-list-0.2.1.0...
Cabal                            > Configuring Cabal-2.4.1.0...
reflection                       > build with ghc-8.6.5
hslogger                         > build with ghc-8.6.5
split                            > build with ghc-8.6.5
data-default-instances-old-locale> build with ghc-8.6.5
rope-utf16-splay                 > build with ghc-8.6.5
semigroups                       > build with ghc-8.6.5
random                           > build with ghc-8.6.5
primitive                        > build with ghc-8.6.5
reflection                       > Preprocessing library for reflection-2.1.4..
reflection                       > Building library for reflection-2.1.4..
hslogger                         > Preprocessing library for hslogger-1.2.12..
hslogger                         > Building library for hslogger-1.2.12..
data-default-instances-old-locale> Preprocessing library for data-default-instances-old-locale-0.0.1..
data-default-instances-old-locale> Building library for data-default-instances-old-locale-0.0.1..
random                           > Preprocessing library for random-1.1..
random                           > Building library for random-1.1..
semigroups                       > Preprocessing library for semigroups-0.18.5..
semigroups                       > Building library for semigroups-0.18.5..
split                            > Preprocessing library for split-0.2.3.3..
split                            > Building library for split-0.2.3.3..
rope-utf16-splay                 > Preprocessing library for rope-utf16-splay-0.3.1.0..
rope-utf16-splay                 > Building library for rope-utf16-splay-0.3.1.0..
sorted-list                      > build with ghc-8.6.5
Cabal                            > build with ghc-8.6.5
primitive                        > Preprocessing library for primitive-0.6.4.0..
primitive                        > Building library for primitive-0.6.4.0..
sorted-list                      > Preprocessing library for sorted-list-0.2.1.0..
sorted-list                      > Building library for sorted-list-0.2.1.0..
rope-utf16-splay                 > [1 of 5] Compiling Data.Rope.UTF16.Internal.Position
reflection                       > [1 of 1] Compiling Data.Reflection
semigroups                       > [1 of 1] Compiling Data.Semigroup.Generic
split                            > [1 of 2] Compiling Data.List.Split.Internals
random                           > [1 of 1] Compiling System.Random
data-default-instances-old-locale> [1 of 1] Compiling Data.Default.Instances.OldLocale
rope-utf16-splay                 > 
rope-utf16-splay                 > /Volumes/D/HoTT-downloads/godel-q-setmm-160ebb/x86-tmp/stack-04092edf6ee0f4fb/rope-utf16-splay-0.3.1.0/src/Data/Rope/UTF16/Internal/Position.hs:3:1: warning: [-Wunused-imports]
rope-utf16-splay                 >     The import of ‘Data.Semigroup’ is redundant
rope-utf16-splay                 >       except perhaps to import instances from ‘Data.Semigroup’
rope-utf16-splay                 >     To import instances alone, use: import Data.Semigroup()
rope-utf16-splay                 >   |
rope-utf16-splay                 > 3 | import Data.Semigroup
rope-utf16-splay                 >   | ^^^^^^^^^^^^^^^^^^^^^
Cabal                            > Preprocessing library for Cabal-2.4.1.0..
Cabal                            > Building library for Cabal-2.4.1.0..
sorted-list                      > [1 of 1] Compiling Data.SortedList
hslogger                         > [1 of 8] Compiling System.Log
random                           > 
random                           > /Volumes/D/HoTT-downloads/godel-q-setmm-160ebb/x86-tmp/stack-04092edf6ee0f4fb/random-1.1/System/Random.hs:43:1: warning: [-Wtabs]
random                           >     Tab character found here, and in 74 further locations.
random                           >     Please use spaces instead.
random                           >    |
random                           > 43 |         (
random                           >    | ^^^^^^^^
data-default-instances-old-locale> ld: warning: -single_module is obsolete
sorted-list                      > 
sorted-list                      > /Volumes/D/HoTT-downloads/godel-q-setmm-160ebb/x86-tmp/stack-04092edf6ee0f4fb/sorted-list-0.2.1.0/Data/SortedList.hs:340:1: warning: [-Winline-rule-shadowing]
sorted-list                      >     Rule "SortedList:map/id" may never fire
sorted-list                      >       because ‘id’ might inline first
sorted-list                      >     Probable fix: add an INLINE[n] or NOINLINE[n] pragma for ‘id’
sorted-list                      >     |
sorted-list                      > 340 | "SortedList:map/id"  forall xs.     map id xs = xs
sorted-list                      >     | ^^^^^^^^^^^^^^^^^^^^^^^^^^^^^^^^^^^^^^^^^^^^^^^^^^
sorted-list                      > 
sorted-list                      > /Volumes/D/HoTT-downloads/godel-q-setmm-160ebb/x86-tmp/stack-04092edf6ee0f4fb/sorted-list-0.2.1.0/Data/SortedList.hs:345:1: warning: [-Winline-rule-shadowing]
sorted-list                      >     Rule "SortedList:mapDec/id" may never fire
sorted-list                      >       because ‘id’ might inline first
sorted-list                      >     Probable fix: add an INLINE[n] or NOINLINE[n] pragma for ‘id’
sorted-list                      >     |
sorted-list                      > 345 | "SortedList:mapDec/id"  forall xs.     mapDec id xs = xs
sorted-list                      >     | ^^^^^^^^^^^^^^^^^^^^^^^^^^^^^^^^^^^^^^^^^^^^^^^^^^^^^^^^
primitive                        > [ 1 of 15] Compiling Control.Monad.Primitive
rope-utf16-splay                 > [2 of 5] Compiling Data.Rope.UTF16.Internal.Text
data-default-instances-old-locale> copy/register
data-default-instances-old-locale> Installing library in /Volumes/D/HoTT-downloads/godel-q-setmm-160ebb/x86-stack-root/snapshots/x86_64-osx/dabefbdbe6b1e1687a4d2678d733cf7c7159565f3f2285f4f8b2a36cf5c3af21/8.6.5/lib/x86_64-osx-ghc-8.6.5/data-default-instances-old-locale-0.0.1-GRzcBvmea5LLGj3CNDMpIw
semigroups                       > ld: warning: -single_module is obsolete
rope-utf16-splay                 > [3 of 5] Compiling Data.SplayTree
rope-utf16-splay                 > 
rope-utf16-splay                 > /Volumes/D/HoTT-downloads/godel-q-setmm-160ebb/x86-tmp/stack-04092edf6ee0f4fb/rope-utf16-splay-0.3.1.0/src/Data/SplayTree.hs:6:1: warning: [-Wunused-imports]
rope-utf16-splay                 >     The import of ‘Data.Monoid’ is redundant
rope-utf16-splay                 >       except perhaps to import instances from ‘Data.Monoid’
rope-utf16-splay                 >     To import instances alone, use: import Data.Monoid()
rope-utf16-splay                 >   |
rope-utf16-splay                 > 6 | import Data.Monoid
rope-utf16-splay                 >   | ^^^^^^^^^^^^^^^^^^
data-default-instances-old-locale> Registering library for data-default-instances-old-locale-0.0.1..
semigroups                       > copy/register
semigroups                       > Installing library in /Volumes/D/HoTT-downloads/godel-q-setmm-160ebb/x86-stack-root/snapshots/x86_64-osx/dabefbdbe6b1e1687a4d2678d733cf7c7159565f3f2285f4f8b2a36cf5c3af21/8.6.5/lib/x86_64-osx-ghc-8.6.5/semigroups-0.18.5-8pPnWqWrcWhEagTFf5Pnk2
semigroups                       > Registering library for semigroups-0.18.5..
split                            > [2 of 2] Compiling Data.List.Split
primitive                        > [ 2 of 15] Compiling Data.Primitive.Internal.Compat
hslogger                         > [2 of 8] Compiling System.Log.Formatter
primitive                        > [ 3 of 15] Compiling Data.Primitive.Array
sorted-list                      > ld: warning: -single_module is obsolete
hslogger                         > [3 of 8] Compiling System.Log.Handler
split                            > ld: warning: -single_module is obsolete
sorted-list                      > copy/register
sorted-list                      > Installing library in /Volumes/D/HoTT-downloads/godel-q-setmm-160ebb/x86-stack-root/snapshots/x86_64-osx/dabefbdbe6b1e1687a4d2678d733cf7c7159565f3f2285f4f8b2a36cf5c3af21/8.6.5/lib/x86_64-osx-ghc-8.6.5/sorted-list-0.2.1.0-5XvtUkeS2CE9Im0Nxt0krX
Cabal                            > [  1 of 220] Compiling Distribution.Compat.Binary
hslogger                         > [4 of 8] Compiling System.Log.Handler.Growl
rope-utf16-splay                 > [4 of 5] Compiling Data.Rope.UTF16.Internal
hslogger                         > 
hslogger                         > /Volumes/D/HoTT-downloads/godel-q-setmm-160ebb/x86-tmp/stack-04092edf6ee0f4fb/hslogger-1.2.12/src/System/Log/Handler/Growl.hs:21:1: warning: [-Wdeprecations]
hslogger                         >     Module ‘Network.BSD’ is deprecated:
hslogger                         >       This platform dependent module is no longer supported.
hslogger                         >    |
hslogger                         > 21 | import Network.BSD
hslogger                         >    | ^^^^^^^^^^^^^^^^^^
hslogger                         > 
hslogger                         > /Volumes/D/HoTT-downloads/godel-q-setmm-160ebb/x86-tmp/stack-04092edf6ee0f4fb/hslogger-1.2.12/src/System/Log/Handler/Growl.hs:47:59: warning: [-Wdeprecations]
hslogger                         >     In the use of ‘sClose’ (imported from Network.Socket):
hslogger                         >     Deprecated: "use 'close'"
hslogger                         >    |
hslogger                         > 47 |                in  mapM_ (sendNote s pkt) (targets gh) >> sClose s
hslogger                         >    |                                                           ^^^^^^
hslogger                         > 
hslogger                         > /Volumes/D/HoTT-downloads/godel-q-setmm-160ebb/x86-tmp/stack-04092edf6ee0f4fb/hslogger-1.2.12/src/System/Log/Handler/Growl.hs:50:21: warning: [-Wdeprecations]
hslogger                         >     In the use of ‘sendTo’ (imported from Network.Socket):
hslogger                         >     Deprecated: "Use sendTo defined in "Network.Socket.ByteString""
hslogger                         >    |
hslogger                         > 50 | sendNote s pkt ha = sendTo s pkt (SockAddrInet 9887 ha)
hslogger                         >    |                     ^^^^^^
hslogger                         > 
hslogger                         > /Volumes/D/HoTT-downloads/godel-q-setmm-160ebb/x86-tmp/stack-04092edf6ee0f4fb/hslogger-1.2.12/src/System/Log/Handler/Growl.hs:106:30: warning: [-Wdeprecations]
hslogger                         >     In the use of ‘getHostByName’ (imported from Network.BSD):
hslogger                         >     Deprecated: "This platform dependent module is no longer supported."
hslogger                         >     |
hslogger                         > 106 | addTarget hn gh = do { he <- getHostByName hn
hslogger                         >     |                              ^^^^^^^^^^^^^
hslogger                         > 
hslogger                         > /Volumes/D/HoTT-downloads/godel-q-setmm-160ebb/x86-tmp/stack-04092edf6ee0f4fb/hslogger-1.2.12/src/System/Log/Handler/Growl.hs:107:33: warning: [-Wdeprecations]
hslogger                         >     In the use of ‘hostAddress’ (imported from Network.BSD):
hslogger                         >     Deprecated: "This platform dependent module is no longer supported."
hslogger                         >     |
hslogger                         > 107 |                      ; let ha = hostAddress he
hslogger                         >     |                                 ^^^^^^^^^^^
hslogger                         > 
hslogger                         > /Volumes/D/HoTT-downloads/godel-q-setmm-160ebb/x86-tmp/stack-04092edf6ee0f4fb/hslogger-1.2.12/src/System/Log/Handler/Growl.hs:109:32: warning: [-Wdeprecations]
hslogger                         >     In the use of ‘sendTo’ (imported from Network.Socket):
hslogger                         >     Deprecated: "Use sendTo defined in "Network.Socket.ByteString""
hslogger                         >     |
hslogger                         > 109 |                        in do { sendTo (skt gh) (buildRegistration gh) sa
hslogger                         >     |                                ^^^^^^
sorted-list                      > Registering library for sorted-list-0.2.1.0..
split                            > copy/register
split                            > Installing library in /Volumes/D/HoTT-downloads/godel-q-setmm-160ebb/x86-stack-root/snapshots/x86_64-osx/dabefbdbe6b1e1687a4d2678d733cf7c7159565f3f2285f4f8b2a36cf5c3af21/8.6.5/lib/x86_64-osx-ghc-8.6.5/split-0.2.3.3-6n1iQ0JLFvkeXvJXsAqQc
Cabal                            > [  2 of 220] Compiling Distribution.Compat.Directory
Cabal                            > [  3 of 220] Compiling Distribution.Compat.Exception
split                            > Registering library for split-0.2.3.3..
hslogger                         > [5 of 8] Compiling System.Log.Handler.Simple
Cabal                            > [  4 of 220] Compiling Distribution.Compat.Internal.TempFile
hslogger                         > [6 of 8] Compiling System.Log.Handler.Log4jXML
Cabal                            > [  5 of 220] Compiling Distribution.Compat.MonadFail
hslogger                         > [7 of 8] Compiling System.Log.Handler.Syslog
Cabal                            > [  6 of 220] Compiling Distribution.Compat.Newtype
hslogger                         > 
hslogger                         > /Volumes/D/HoTT-downloads/godel-q-setmm-160ebb/x86-tmp/stack-04092edf6ee0f4fb/hslogger-1.2.12/src/System/Log/Handler/Syslog.hs:52:1: warning: [-Wdeprecations]
hslogger                         >     Module ‘Network.BSD’ is deprecated:
hslogger                         >       This platform dependent module is no longer supported.
hslogger                         >    |
hslogger                         > 52 | import Network.BSD
hslogger                         >    | ^^^^^^^^^^^^^^^^^^
hslogger                         > 
hslogger                         > /Volumes/D/HoTT-downloads/godel-q-setmm-160ebb/x86-tmp/stack-04092edf6ee0f4fb/hslogger-1.2.12/src/System/Log/Handler/Syslog.hs:198:16: warning: [-Wdeprecations]
hslogger                         >     In the use of ‘sClose’ (imported from Network.Socket):
hslogger                         >     Deprecated: "use 'close'"
hslogger                         >     |
hslogger                         > 198 |             do S.sClose s -- close Stream variant
hslogger                         >     |                ^^^^^^^^
hslogger                         > 
hslogger                         > /Volumes/D/HoTT-downloads/godel-q-setmm-160ebb/x86-tmp/stack-04092edf6ee0f4fb/hslogger-1.2.12/src/System/Log/Handler/Syslog.hs:214:11: warning: [-Wdeprecations]
hslogger                         >     In the use of ‘getHostByName’ (imported from Network.BSD):
hslogger                         >     Deprecated: "This platform dependent module is no longer supported."
hslogger                         >     |
hslogger                         > 214 |     he <- getHostByName hostname
hslogger                         >     |           ^^^^^^^^^^^^^
hslogger                         > 
hslogger                         > /Volumes/D/HoTT-downloads/godel-q-setmm-160ebb/x86-tmp/stack-04092edf6ee0f4fb/hslogger-1.2.12/src/System/Log/Handler/Syslog.hs:216:41: warning: [-Wdeprecations]
hslogger                         >     In the use of ‘hostAddresses’ (imported from Network.BSD):
hslogger                         >     Deprecated: "This platform dependent module is no longer supported."
hslogger                         >     |
hslogger                         > 216 |     let addr = SockAddrInet port (head (hostAddresses he))
hslogger                         >     |                                         ^^^^^^^^^^^^^
hslogger                         > 
hslogger                         > /Volumes/D/HoTT-downloads/godel-q-setmm-160ebb/x86-tmp/stack-04092edf6ee0f4fb/hslogger-1.2.12/src/System/Log/Handler/Syslog.hs:260:33: warning: [-Wdeprecations]
hslogger                         >     In the use of ‘sendTo’ (imported from Network.Socket):
hslogger                         >     Deprecated: "Use sendTo defined in "Network.Socket.ByteString""
hslogger                         >     |
hslogger                         > 260 |                     Datagram -> sendTo (logsocket sh) omsg (address sh)
hslogger                         >     |                                 ^^^^^^
hslogger                         > 
hslogger                         > /Volumes/D/HoTT-downloads/godel-q-setmm-160ebb/x86-tmp/stack-04092edf6ee0f4fb/hslogger-1.2.12/src/System/Log/Handler/Syslog.hs:261:33: warning: [-Wdeprecations]
hslogger                         >     In the use of ‘send’ (imported from Network.Socket):
hslogger                         >     Deprecated: "Use send defined in "Network.Socket.ByteString""
hslogger                         >     |
hslogger                         > 261 |                     Stream   -> send   (logsocket sh) omsg
hslogger                         >     |                                 ^^^^
hslogger                         > 
hslogger                         > /Volumes/D/HoTT-downloads/godel-q-setmm-160ebb/x86-tmp/stack-04092edf6ee0f4fb/hslogger-1.2.12/src/System/Log/Handler/Syslog.hs:278:16: warning: [-Wdeprecations]
hslogger                         >     In the use of ‘sClose’ (imported from Network.Socket):
hslogger                         >     Deprecated: "use 'close'"
hslogger                         >     |
hslogger                         > 278 |     close sh = sClose (logsocket sh)
hslogger                         >     |                ^^^^^^
Cabal                            > [  7 of 220] Compiling Distribution.Compat.Semigroup
hslogger                         > [8 of 8] Compiling System.Log.Logger
hslogger                         > 
hslogger                         > /Volumes/D/HoTT-downloads/godel-q-setmm-160ebb/x86-tmp/stack-04092edf6ee0f4fb/hslogger-1.2.12/src/System/Log/Logger.hs:201:1: warning: [-Wdeprecations]
hslogger                         >     Module ‘Control.Monad.Error’ is deprecated:
hslogger                         >       Use "Control.Monad.Except" instead
hslogger                         >     |
hslogger                         > 201 | import Control.Monad.Error
hslogger                         >     | ^^^^^^^^^^^^^^^^^^^^^^^^^^
rope-utf16-splay                 > [5 of 5] Compiling Data.Rope.UTF16
Cabal                            > [  8 of 220] Compiling Distribution.Compat.Stack
Cabal                            > [  9 of 220] Compiling Distribution.Compat.Prelude
rope-utf16-splay                 > ld: warning: -single_module is obsolete
Cabal                            > [ 10 of 220] Compiling Distribution.Compat.SnocList
primitive                        > [ 4 of 15] Compiling Data.Primitive.MVar
rope-utf16-splay                 > copy/register
rope-utf16-splay                 > Installing library in /Volumes/D/HoTT-downloads/godel-q-setmm-160ebb/x86-stack-root/snapshots/x86_64-osx/dabefbdbe6b1e1687a4d2678d733cf7c7159565f3f2285f4f8b2a36cf5c3af21/8.6.5/lib/x86_64-osx-ghc-8.6.5/rope-utf16-splay-0.3.1.0-7UPnGuCP5NsAklSkedBrse
Cabal                            > [ 11 of 220] Compiling Distribution.Compat.ReadP
rope-utf16-splay                 > Registering library for rope-utf16-splay-0.3.1.0..
primitive                        > [ 5 of 15] Compiling Data.Primitive.MachDeps
hslogger                         > ld: warning: -single_module is obsolete
primitive                        > [ 6 of 15] Compiling Data.Primitive.Internal.Operations
hslogger                         > copy/register
hslogger                         > Installing library in /Volumes/D/HoTT-downloads/godel-q-setmm-160ebb/x86-stack-root/snapshots/x86_64-osx/dabefbdbe6b1e1687a4d2678d733cf7c7159565f3f2285f4f8b2a36cf5c3af21/8.6.5/lib/x86_64-osx-ghc-8.6.5/hslogger-1.2.12-EOh2s68fQfBFyuAt5sDs18
primitive                        > [ 7 of 15] Compiling Data.Primitive.MutVar
Cabal                            > [ 12 of 220] Compiling Distribution.Compat.Prelude.Internal
primitive                        > [ 8 of 15] Compiling Data.Primitive.SmallArray
hslogger                         > Registering library for hslogger-1.2.12..
Cabal                            > [ 13 of 220] Compiling Distribution.Compat.Parsing
reflection                       > ld: warning: -single_module is obsolete
random                           > ld: warning: -single_module is obsolete
Cabal                            > [ 14 of 220] Compiling Distribution.Compat.Graph
random                           > copy/register
random                           > Installing library in /Volumes/D/HoTT-downloads/godel-q-setmm-160ebb/x86-stack-root/snapshots/x86_64-osx/dabefbdbe6b1e1687a4d2678d733cf7c7159565f3f2285f4f8b2a36cf5c3af21/8.6.5/lib/x86_64-osx-ghc-8.6.5/random-1.1-3ypV4EIycgb35PKjTYYr5q
random                           > Registering library for random-1.1..
reflection                       > copy/register
primitive                        > [ 9 of 15] Compiling Data.Primitive.Types
reflection                       > Installing library in /Volumes/D/HoTT-downloads/godel-q-setmm-160ebb/x86-stack-root/snapshots/x86_64-osx/dabefbdbe6b1e1687a4d2678d733cf7c7159565f3f2285f4f8b2a36cf5c3af21/8.6.5/lib/x86_64-osx-ghc-8.6.5/reflection-2.1.4-D3IaixAKGmk6dzEKDGsgtn
Cabal                            > [ 15 of 220] Compiling Distribution.Compat.GetShortPathName
Cabal                            > [ 16 of 220] Compiling Distribution.Compat.DList
reflection                       > Registering library for reflection-2.1.4..
Cabal                            > [ 17 of 220] Compiling Distribution.Compat.Lens
Cabal                            > [ 18 of 220] Compiling Distribution.Compat.CopyFile
Cabal                            > [ 19 of 220] Compiling Distribution.Compat.CharParsing
primitive                        > [10 of 15] Compiling Data.Primitive.ByteArray
Cabal                            > [ 20 of 220] Compiling Distribution.CabalSpecVersion
primitive                        > [11 of 15] Compiling Data.Primitive.PrimArray
Cabal                            > [ 21 of 220] Compiling Distribution.Compat.Environment
Cabal                            > [ 22 of 220] Compiling Distribution.Compat.CreatePipe
primitive                        > [12 of 15] Compiling Data.Primitive.Ptr
Cabal                            > [ 23 of 220] Compiling Distribution.GetOpt
primitive                        > [13 of 15] Compiling Data.Primitive.Addr
primitive                        > [14 of 15] Compiling Data.Primitive.UnliftedArray
Cabal                            > [ 24 of 220] Compiling Distribution.Lex
Cabal                            > [ 25 of 220] Compiling Distribution.PackageDescription.Quirks
primitive                        > [15 of 15] Compiling Data.Primitive
Cabal                            > [ 26 of 220] Compiling Distribution.PackageDescription.Utils
Cabal                            > [ 27 of 220] Compiling Distribution.Parsec.Common
primitive                        > ld: warning: -single_module is obsolete
primitive                        > copy/register
primitive                        > Installing library in /Volumes/D/HoTT-downloads/godel-q-setmm-160ebb/x86-stack-root/snapshots/x86_64-osx/dabefbdbe6b1e1687a4d2678d733cf7c7159565f3f2285f4f8b2a36cf5c3af21/8.6.5/lib/x86_64-osx-ghc-8.6.5/primitive-0.6.4.0-ILgywxtLpvnAOlEISPpP5b
Cabal                            > [ 28 of 220] Compiling Distribution.Parsec.Field
primitive                        > Registering library for primitive-0.6.4.0..
Cabal                            > [ 29 of 220] Compiling Distribution.Parsec.LexerMonad
Cabal                            > [ 30 of 220] Compiling Distribution.Parsec.Lexer
Cabal                            > [ 31 of 220] Compiling Distribution.Parsec.Parser
Cabal                            > [ 32 of 220] Compiling Distribution.Pretty
Cabal                            > [ 33 of 220] Compiling Distribution.SPDX.LicenseListVersion
Cabal                            > [ 34 of 220] Compiling Distribution.Simple.CCompiler
Cabal                            > [ 35 of 220] Compiling Distribution.Simple.Flag
Cabal                            > [ 36 of 220] Compiling Distribution.Simple.PreProcess.Unlit
Cabal                            > [ 37 of 220] Compiling Distribution.Simple.Program.Internal
Cabal                            > [ 38 of 220] Compiling Distribution.TestSuite
Cabal                            > [ 39 of 220] Compiling Distribution.Types.Condition
Cabal                            > [ 40 of 220] Compiling Distribution.Types.CondTree
Cabal                            > [ 41 of 220] Compiling Distribution.Utils.Base62
Cabal                            > [ 42 of 220] Compiling Distribution.Utils.IOData
Cabal                            > [ 43 of 220] Compiling Distribution.Utils.MapAccum
Cabal                            > [ 44 of 220] Compiling Distribution.Utils.Progress
Cabal                            > [ 45 of 220] Compiling Distribution.Utils.String
Cabal                            > [ 46 of 220] Compiling Distribution.Utils.ShortText
Cabal                            > [ 47 of 220] Compiling Distribution.Utils.Generic
Cabal                            > [ 48 of 220] Compiling Distribution.Parsec.FieldLineStream
Cabal                            > [ 49 of 220] Compiling Distribution.Parsec.Class
Cabal                            > [ 50 of 220] Compiling Distribution.Text
Cabal                            > [ 51 of 220] Compiling Distribution.Types.Version
Cabal                            > [ 52 of 220] Compiling Distribution.Types.VersionRange
Cabal                            > [ 53 of 220] Compiling Distribution.Types.VersionInterval
Cabal                            > [ 54 of 220] Compiling Distribution.Types.SourceRepo
Cabal                            > [ 55 of 220] Compiling Distribution.Types.SourceRepo.Lens
Cabal                            > [ 56 of 220] Compiling Distribution.Types.PkgconfigName
Cabal                            > [ 57 of 220] Compiling Distribution.Types.ForeignLibType
Cabal                            > [ 58 of 220] Compiling Distribution.Types.ForeignLibOption
Cabal                            > [ 59 of 220] Compiling Distribution.Types.ExecutableScope
Cabal                            > [ 60 of 220] Compiling Distribution.Types.ComponentId
Cabal                            > [ 61 of 220] Compiling Distribution.Types.BuildType
Cabal                            > [ 62 of 220] Compiling Distribution.Types.AbiHash
Cabal                            > [ 63 of 220] Compiling Distribution.System
Cabal                            > [ 64 of 220] Compiling Distribution.SPDX.LicenseReference
Cabal                            > [ 65 of 220] Compiling Distribution.SPDX.LicenseId
data-default                     > configure
tagged                           > configure
th-abstraction                   > configure
time-locale-compat               > configure
transformers-compat              > configure
unbounded-delays                 > configure
unordered-containers             > configure
utf8-string                      > configure
scientific                       > configure
data-default                     > Configuring data-default-0.7.1.1...
tagged                           > Configuring tagged-0.8.6...
Cabal                            > [ 66 of 220] Compiling Distribution.SPDX.LicenseExceptionId
unordered-containers             > Configuring unordered-containers-0.2.10.0...
time-locale-compat               > Configuring time-locale-compat-0.1.1.5...
utf8-string                      > Configuring utf8-string-1.0.1.1...
scientific                       > Configuring scientific-0.3.6.2...
th-abstraction                   > Configuring th-abstraction-0.2.11.0...
data-default                     > build with ghc-8.6.5
transformers-compat              > Configuring transformers-compat-0.6.5...
unbounded-delays                 > Configuring unbounded-delays-0.1.1.0...
tagged                           > build with ghc-8.6.5
data-default                     > Preprocessing library for data-default-0.7.1.1..
data-default                     > Building library for data-default-0.7.1.1..
tagged                           > Preprocessing library for tagged-0.8.6..
tagged                           > Building library for tagged-0.8.6..
data-default                     > [1 of 1] Compiling Data.Default
tagged                           > [1 of 2] Compiling Data.Proxy.TH
utf8-string                      > build with ghc-8.6.5
time-locale-compat               > build with ghc-8.6.5
unordered-containers             > build with ghc-8.6.5
th-abstraction                   > build with ghc-8.6.5
scientific                       > build with ghc-8.6.5
time-locale-compat               > Preprocessing library for time-locale-compat-0.1.1.5..
time-locale-compat               > Building library for time-locale-compat-0.1.1.5..
utf8-string                      > Preprocessing library for utf8-string-1.0.1.1..
utf8-string                      > Building library for utf8-string-1.0.1.1..
unordered-containers             > Preprocessing library for unordered-containers-0.2.10.0..
unordered-containers             > Building library for unordered-containers-0.2.10.0..
th-abstraction                   > Preprocessing library for th-abstraction-0.2.11.0..
th-abstraction                   > Building library for th-abstraction-0.2.11.0..
transformers-compat              > build with ghc-8.6.5
unbounded-delays                 > build with ghc-8.6.5
scientific                       > Preprocessing library for scientific-0.3.6.2..
scientific                       > Building library for scientific-0.3.6.2..
transformers-compat              > Preprocessing library for transformers-compat-0.6.5..
transformers-compat              > Building library for transformers-compat-0.6.5..
unbounded-delays                 > Preprocessing library for unbounded-delays-0.1.1.0..
unbounded-delays                 > Building library for unbounded-delays-0.1.1.0..
time-locale-compat               > [1 of 1] Compiling Data.Time.Locale.Compat
data-default                     > ld: warning: -single_module is obsolete
th-abstraction                   > [1 of 2] Compiling Language.Haskell.TH.Datatype.Internal
Cabal                            > [ 67 of 220] Compiling Distribution.SPDX.LicenseExpression
data-default                     > copy/register
tagged                           > [2 of 2] Compiling Data.Tagged
data-default                     > Installing library in /Volumes/D/HoTT-downloads/godel-q-setmm-160ebb/x86-stack-root/snapshots/x86_64-osx/dabefbdbe6b1e1687a4d2678d733cf7c7159565f3f2285f4f8b2a36cf5c3af21/8.6.5/lib/x86_64-osx-ghc-8.6.5/data-default-0.7.1.1-48AlmAL5bp0K1GegiZac8Q
unbounded-delays                 > [1 of 2] Compiling Control.Concurrent.Thread.Delay
utf8-string                      > [1 of 5] Compiling Codec.Binary.UTF8.String
scientific                       > [1 of 5] Compiling GHC.Integer.Compat
th-abstraction                   > [2 of 2] Compiling Language.Haskell.TH.Datatype
transformers-compat              > [1 of 4] Compiling Control.Monad.Trans.Instances
unordered-containers             > [ 1 of 10] Compiling Data.HashMap.List
scientific                       > [2 of 5] Compiling Utils
time-locale-compat               > ld: warning: -single_module is obsolete
unbounded-delays                 > [2 of 2] Compiling Control.Concurrent.Timeout
data-default                     > Registering library for data-default-0.7.1.1..
transformers-compat              > [2 of 4] Compiling Data.Functor.Classes.Generic.Internal
time-locale-compat               > copy/register
utf8-string                      > [2 of 5] Compiling Codec.Binary.UTF8.Generic
time-locale-compat               > Installing library in /Volumes/D/HoTT-downloads/godel-q-setmm-160ebb/x86-stack-root/snapshots/x86_64-osx/dabefbdbe6b1e1687a4d2678d733cf7c7159565f3f2285f4f8b2a36cf5c3af21/8.6.5/lib/x86_64-osx-ghc-8.6.5/time-locale-compat-0.1.1.5-4Kz46WDKPmGDmYVdO1w5q7
scientific                       > [3 of 5] Compiling Data.Scientific
unordered-containers             > [ 2 of 10] Compiling Data.HashMap.Unsafe
unordered-containers             > [ 3 of 10] Compiling Data.HashMap.Array
time-locale-compat               > Registering library for time-locale-compat-0.1.1.5..
unbounded-delays                 > ld: warning: -single_module is obsolete
Cabal                            > [ 68 of 220] Compiling Distribution.SPDX.License
unbounded-delays                 > copy/register
unbounded-delays                 > Installing library in /Volumes/D/HoTT-downloads/godel-q-setmm-160ebb/x86-stack-root/snapshots/x86_64-osx/dabefbdbe6b1e1687a4d2678d733cf7c7159565f3f2285f4f8b2a36cf5c3af21/8.6.5/lib/x86_64-osx-ghc-8.6.5/unbounded-delays-0.1.1.0-7ulHERuvlgAKyhaTH4vNZc
utf8-string                      > [3 of 5] Compiling Data.ByteString.Lazy.UTF8
tagged                           > ld: warning: -single_module is obsolete
unordered-containers             > [ 4 of 10] Compiling Data.HashMap.UnsafeShift
unbounded-delays                 > Registering library for unbounded-delays-0.1.1.0..
tagged                           > copy/register
transformers-compat              > [3 of 4] Compiling Data.Functor.Classes.Generic
Cabal                            > [ 69 of 220] Compiling Distribution.SPDX
unordered-containers             > [ 5 of 10] Compiling Data.HashMap.Base
tagged                           > Installing library in /Volumes/D/HoTT-downloads/godel-q-setmm-160ebb/x86-stack-root/snapshots/x86_64-osx/dabefbdbe6b1e1687a4d2678d733cf7c7159565f3f2285f4f8b2a36cf5c3af21/8.6.5/lib/x86_64-osx-ghc-8.6.5/tagged-0.8.6-AoE7RQX12AwJxLvAxGYxtP
transformers-compat              > [4 of 4] Compiling Paths_transformers_compat
Cabal                            > [ 70 of 220] Compiling Distribution.ReadE
tagged                           > Registering library for tagged-0.8.6..
Cabal                            > [ 71 of 220] Compiling Distribution.ModuleName
utf8-string                      > [4 of 5] Compiling Data.ByteString.UTF8
transformers-compat              > ld: warning: -single_module is obsolete
utf8-string                      > [5 of 5] Compiling Data.String.UTF8
transformers-compat              > copy/register
transformers-compat              > Installing library in /Volumes/D/HoTT-downloads/godel-q-setmm-160ebb/x86-stack-root/snapshots/x86_64-osx/dabefbdbe6b1e1687a4d2678d733cf7c7159565f3f2285f4f8b2a36cf5c3af21/8.6.5/lib/x86_64-osx-ghc-8.6.5/transformers-compat-0.6.5-9e4biiR1CNSADVloF4o7Bd
Cabal                            > [ 72 of 220] Compiling Distribution.Types.ModuleRenaming
scientific                       > [4 of 5] Compiling Data.Text.Lazy.Builder.Scientific
transformers-compat              > Registering library for transformers-compat-0.6.5..
utf8-string                      > ld: warning: -single_module is obsolete
utf8-string                      > copy/register
utf8-string                      > Installing library in /Volumes/D/HoTT-downloads/godel-q-setmm-160ebb/x86-stack-root/snapshots/x86_64-osx/dabefbdbe6b1e1687a4d2678d733cf7c7159565f3f2285f4f8b2a36cf5c3af21/8.6.5/lib/x86_64-osx-ghc-8.6.5/utf8-string-1.0.1.1-Geq8jdOv4Q3LkcQoEOWDVv
utf8-string                      > Registering library for utf8-string-1.0.1.1..
scientific                       > [5 of 5] Compiling Data.ByteString.Builder.Scientific
th-abstraction                   > ld: warning: -single_module is obsolete
th-abstraction                   > copy/register
th-abstraction                   > Installing library in /Volumes/D/HoTT-downloads/godel-q-setmm-160ebb/x86-stack-root/snapshots/x86_64-osx/dabefbdbe6b1e1687a4d2678d733cf7c7159565f3f2285f4f8b2a36cf5c3af21/8.6.5/lib/x86_64-osx-ghc-8.6.5/th-abstraction-0.2.11.0-DAhuCgi08HTBWsDjm9nrOq
Cabal                            > [ 73 of 220] Compiling Distribution.Types.IncludeRenaming
scientific                       > ld: warning: -single_module is obsolete
th-abstraction                   > Registering library for th-abstraction-0.2.11.0..
scientific                       > copy/register
scientific                       > Installing library in /Volumes/D/HoTT-downloads/godel-q-setmm-160ebb/x86-stack-root/snapshots/x86_64-osx/dabefbdbe6b1e1687a4d2678d733cf7c7159565f3f2285f4f8b2a36cf5c3af21/8.6.5/lib/x86_64-osx-ghc-8.6.5/scientific-0.3.6.2-BboXwnuKby4BtCVtfss4TP
scientific                       > Registering library for scientific-0.3.6.2..
Cabal                            > [ 74 of 220] Compiling Distribution.FieldGrammar.Class
Cabal                            > [ 75 of 220] Compiling Distribution.Utils.UnionFind
Cabal                            > [ 76 of 220] Compiling Distribution.Verbosity
unordered-containers             > [ 6 of 10] Compiling Data.HashMap.Strict.Base
Cabal                            > [ 77 of 220] Compiling Distribution.Version
Cabal                            > [ 78 of 220] Compiling Distribution.Types.TestType
Cabal                            > [ 79 of 220] Compiling Distribution.Types.TestSuiteInterface
unordered-containers             > [ 7 of 10] Compiling Data.HashSet.Base
Cabal                            > [ 80 of 220] Compiling Distribution.Types.PkgconfigDependency
Cabal                            > [ 81 of 220] Compiling Distribution.Types.BenchmarkType
unordered-containers             > [ 8 of 10] Compiling Data.HashSet
unordered-containers             > [ 9 of 10] Compiling Data.HashMap.Strict
unordered-containers             > [10 of 10] Compiling Data.HashMap.Lazy
Cabal                            > [ 82 of 220] Compiling Distribution.Types.BenchmarkInterface
unordered-containers             > ld: warning: -single_module is obsolete
Cabal                            > [ 83 of 220] Compiling Distribution.License
unordered-containers             > copy/register
unordered-containers             > Installing library in /Volumes/D/HoTT-downloads/godel-q-setmm-160ebb/x86-stack-root/snapshots/x86_64-osx/dabefbdbe6b1e1687a4d2678d733cf7c7159565f3f2285f4f8b2a36cf5c3af21/8.6.5/lib/x86_64-osx-ghc-8.6.5/unordered-containers-0.2.10.0-LgoTL3wbBEY5bZIDJiyxW4
unordered-containers             > Registering library for unordered-containers-0.2.10.0..
Cabal                            > [ 84 of 220] Compiling Language.Haskell.Extension
Cabal                            > [ 85 of 220] Compiling Distribution.Compiler
Cabal                            > [ 86 of 220] Compiling Distribution.Parsec.Newtypes
Cabal                            > [ 87 of 220] Compiling Distribution.ParseUtils
Cabal                            > [ 88 of 220] Compiling Distribution.Types.PackageName
Cabal                            > [ 89 of 220] Compiling Distribution.Types.UnqualComponentName
Cabal                            > [ 90 of 220] Compiling Distribution.Types.ComponentName
Cabal                            > [ 91 of 220] Compiling Distribution.Types.PackageId
Cabal                            > [ 92 of 220] Compiling Distribution.Types.UnitId
Cabal                            > [ 93 of 220] Compiling Distribution.Types.Module
Cabal                            > [ 94 of 220] Compiling Distribution.Backpack
Cabal                            > [ 95 of 220] Compiling Distribution.Backpack.ModSubst
Cabal                            > [ 96 of 220] Compiling Distribution.Backpack.FullUnitId
Cabal                            > [ 97 of 220] Compiling Distribution.Types.PackageId.Lens
Cabal                            > [ 98 of 220] Compiling Distribution.Types.ModuleReexport
Cabal                            > [ 99 of 220] Compiling Distribution.Types.Mixin
Cabal                            > [100 of 220] Compiling Distribution.Types.ExeDependency
Cabal                            > [101 of 220] Compiling Distribution.Types.Dependency
Cabal                            > [102 of 220] Compiling Distribution.Types.SetupBuildInfo
Cabal                            > [103 of 220] Compiling Distribution.Types.SetupBuildInfo.Lens
Cabal                            > [104 of 220] Compiling Distribution.Types.DependencyMap
Cabal                            > [105 of 220] Compiling Distribution.Backpack.ModuleScope
Cabal                            > [106 of 220] Compiling Distribution.Types.MungedPackageName
Cabal                            > [107 of 220] Compiling Distribution.Types.MungedPackageId
uuid-types                       > configure
Cabal                            > [108 of 220] Compiling Distribution.Package
Cabal                            > [109 of 220] Compiling Distribution.Types.AnnotatedId
Cabal                            > [110 of 220] Compiling Distribution.Types.ComponentInclude
Cabal                            > [111 of 220] Compiling Distribution.Types.AbiDependency
Cabal                            > [112 of 220] Compiling Distribution.Simple.InstallDirs
uuid-types                       > Configuring uuid-types-1.0.3...
uuid-types                       > build with ghc-8.6.5
uuid-types                       > Preprocessing library for uuid-types-1.0.3..
uuid-types                       > Building library for uuid-types-1.0.3..
uuid-types                       > [1 of 3] Compiling Data.UUID.Types.Internal.Builder
uuid-types                       > [2 of 3] Compiling Data.UUID.Types.Internal
Cabal                            > [113 of 220] Compiling Distribution.Types.LegacyExeDependency
Cabal                            > [114 of 220] Compiling Distribution.Types.BuildInfo
uuid-types                       > [3 of 3] Compiling Data.UUID.Types
uuid-types                       > ld: warning: -single_module is obsolete
uuid-types                       > copy/register
uuid-types                       > Installing library in /Volumes/D/HoTT-downloads/godel-q-setmm-160ebb/x86-stack-root/snapshots/x86_64-osx/dabefbdbe6b1e1687a4d2678d733cf7c7159565f3f2285f4f8b2a36cf5c3af21/8.6.5/lib/x86_64-osx-ghc-8.6.5/uuid-types-1.0.3-Autqzm2g4auIYSV6nkCRLV
uuid-types                       > Registering library for uuid-types-1.0.3..
Cabal                            > [115 of 220] Compiling Distribution.Types.HookedBuildInfo
Cabal                            > [116 of 220] Compiling Distribution.Types.BuildInfo.Lens
Cabal                            > [117 of 220] Compiling Distribution.Types.TestSuite
vector                           > configure
void                             > configure
wcwidth                          > configure
exceptions                       > configure
optparse-applicative             > configure
Cabal                            > [118 of 220] Compiling Distribution.Types.TestSuite.Lens
Cabal                            > [119 of 220] Compiling Distribution.Types.Library
vector                           > Configuring vector-0.12.0.3...
void                             > Configuring void-0.7.3...
exceptions                       > Configuring exceptions-0.10.2...
wcwidth                          > Configuring wcwidth-0.0.2...
optparse-applicative             > Configuring optparse-applicative-0.14.3.0...
vector                           > build with ghc-8.6.5
vector                           > Preprocessing library for vector-0.12.0.3..
vector                           > Building library for vector-0.12.0.3..
transformers-base                > configure
attoparsec                       > configure
Cabal                            > [120 of 220] Compiling Distribution.Types.Library.Lens
exceptions                       > build with ghc-8.6.5
wcwidth                          > build with ghc-8.6.5
void                             > build with ghc-8.6.5
optparse-applicative             > build with ghc-8.6.5
wcwidth                          > Preprocessing library for wcwidth-0.0.2..
wcwidth                          > Building library for wcwidth-0.0.2..
exceptions                       > Preprocessing library for exceptions-0.10.2..
exceptions                       > Building library for exceptions-0.10.2..
void                             > Preprocessing library for void-0.7.3..
void                             > Building library for void-0.7.3..
Cabal                            > [121 of 220] Compiling Distribution.Types.ForeignLib
optparse-applicative             > Preprocessing library for optparse-applicative-0.14.3.0..
optparse-applicative             > Building library for optparse-applicative-0.14.3.0..
wcwidth                          > [1 of 1] Compiling Data.Char.WCWidth
optparse-applicative             > [ 1 of 16] Compiling Options.Applicative.Help.Levenshtein
void                             > [1 of 1] Compiling Data.Void.Unsafe
exceptions                       > [1 of 2] Compiling Control.Monad.Catch
megaparsec                       > configure
word8                            > configure
optparse-applicative             > [ 2 of 16] Compiling Options.Applicative.Help.Pretty
optparse-applicative             > [ 3 of 16] Compiling Options.Applicative.Help.Chunk
vector                           > [ 1 of 21] Compiling Data.Vector.Fusion.Util
void                             > ld: warning: -single_module is obsolete
wcwidth                          > ld: warning: -single_module is obsolete
void                             > copy/register
void                             > Installing library in /Volumes/D/HoTT-downloads/godel-q-setmm-160ebb/x86-stack-root/snapshots/x86_64-osx/dabefbdbe6b1e1687a4d2678d733cf7c7159565f3f2285f4f8b2a36cf5c3af21/8.6.5/lib/x86_64-osx-ghc-8.6.5/void-0.7.3-3RYOrpJEx0UYkI9Ikv0XI
transformers-base                > Configuring transformers-base-0.4.5.2...
attoparsec                       > Configuring attoparsec-0.13.2.2...
optparse-applicative             > [ 4 of 16] Compiling Options.Applicative.Help.Types
vector                           > [ 2 of 21] Compiling Data.Vector.Fusion.Bundle.Size
optparse-applicative             > [ 5 of 16] Compiling Options.Applicative.Types
void                             > Registering library for void-0.7.3..
wcwidth                          > copy/register
wcwidth                          > Installing library in /Volumes/D/HoTT-downloads/godel-q-setmm-160ebb/x86-stack-root/snapshots/x86_64-osx/dabefbdbe6b1e1687a4d2678d733cf7c7159565f3f2285f4f8b2a36cf5c3af21/8.6.5/lib/x86_64-osx-ghc-8.6.5/wcwidth-0.0.2-BDgMz2se7Tf42d2yhgYfoI
vector                           > [ 3 of 21] Compiling Data.Vector.Generic.Mutable.Base
exceptions                       > [2 of 2] Compiling Control.Monad.Catch.Pure
vector                           > [ 4 of 21] Compiling Data.Vector.Generic.Base
wcwidth                          > Registering library for wcwidth-0.0.2..
attoparsec                       > build with ghc-8.6.5
transformers-base                > build with ghc-8.6.5
megaparsec                       > Configuring megaparsec-7.0.5...
word8                            > Configuring word8-0.1.3...
attoparsec                       > Preprocessing library for attoparsec-0.13.2.2..
attoparsec                       > Building library for attoparsec-0.13.2.2..
vector                           > [ 5 of 21] Compiling Data.Vector.Internal.Check
transformers-base                > Preprocessing library for transformers-base-0.4.5.2..
transformers-base                > Building library for transformers-base-0.4.5.2..
transformers-base                > [1 of 1] Compiling Control.Monad.Base
vector                           > [ 6 of 21] Compiling Data.Vector.Fusion.Stream.Monadic
optparse-applicative             > [ 6 of 16] Compiling Options.Applicative.Internal
exceptions                       > ld: warning: -single_module is obsolete
megaparsec                       > build with ghc-8.6.5
word8                            > build with ghc-8.6.5
megaparsec                       > Preprocessing library for megaparsec-7.0.5..
megaparsec                       > Building library for megaparsec-7.0.5..
exceptions                       > copy/register
word8                            > Preprocessing library for word8-0.1.3..
word8                            > Building library for word8-0.1.3..
exceptions                       > Installing library in /Volumes/D/HoTT-downloads/godel-q-setmm-160ebb/x86-stack-root/snapshots/x86_64-osx/dabefbdbe6b1e1687a4d2678d733cf7c7159565f3f2285f4f8b2a36cf5c3af21/8.6.5/lib/x86_64-osx-ghc-8.6.5/exceptions-0.10.2-2mS9GUVmJpmKSw5CuaN6ik
attoparsec                       > [ 1 of 21] Compiling Data.Attoparsec.ByteString.FastSet
Cabal                            > [122 of 220] Compiling Distribution.Types.ForeignLib.Lens
word8                            > [1 of 2] Compiling Data.Char8
exceptions                       > Registering library for exceptions-0.10.2..
Cabal                            > [123 of 220] Compiling Distribution.Types.Executable
transformers-base                > ld: warning: -single_module is obsolete
optparse-applicative             > [ 7 of 16] Compiling Options.Applicative.Common
megaparsec                       > [ 1 of 15] Compiling Text.Megaparsec.Pos
attoparsec                       > [ 2 of 21] Compiling Data.Attoparsec.Internal.Fhthagn
transformers-base                > copy/register
transformers-base                > Installing library in /Volumes/D/HoTT-downloads/godel-q-setmm-160ebb/x86-stack-root/snapshots/x86_64-osx/dabefbdbe6b1e1687a4d2678d733cf7c7159565f3f2285f4f8b2a36cf5c3af21/8.6.5/lib/x86_64-osx-ghc-8.6.5/transformers-base-0.4.5.2-9wmw9letGJgDNrnpTrMj47
word8                            > [2 of 2] Compiling Data.Word8
attoparsec                       > [ 3 of 21] Compiling Data.Attoparsec.ByteString.Buffer
optparse-applicative             > [ 8 of 16] Compiling Options.Applicative.Help.Core
transformers-base                > Registering library for transformers-base-0.4.5.2..
attoparsec                       > [ 4 of 21] Compiling Data.Attoparsec.Number
word8                            > ld: warning: -single_module is obsolete
word8                            > copy/register
megaparsec                       > [ 2 of 15] Compiling Text.Megaparsec.State
word8                            > Installing library in /Volumes/D/HoTT-downloads/godel-q-setmm-160ebb/x86-stack-root/snapshots/x86_64-osx/dabefbdbe6b1e1687a4d2678d733cf7c7159565f3f2285f4f8b2a36cf5c3af21/8.6.5/lib/x86_64-osx-ghc-8.6.5/word8-0.1.3-Hij9fyb7arJ9SXwAnMfmS0
attoparsec                       > [ 5 of 21] Compiling Data.Attoparsec.Text.Buffer
Cabal                            > [124 of 220] Compiling Distribution.Types.Executable.Lens
word8                            > Registering library for word8-0.1.3..
attoparsec                       > [ 6 of 21] Compiling Data.Attoparsec.Internal.Types
Cabal                            > [125 of 220] Compiling Distribution.Types.Benchmark
vector                           > [ 7 of 21] Compiling Data.Vector.Fusion.Bundle.Monadic
megaparsec                       > [ 3 of 15] Compiling Text.Megaparsec.Stream
attoparsec                       > [ 7 of 21] Compiling Data.Attoparsec.Internal
attoparsec                       > [ 8 of 21] Compiling Data.Attoparsec.Text.FastSet
Cabal                            > [126 of 220] Compiling Distribution.Types.Component
attoparsec                       > [ 9 of 21] Compiling Data.Attoparsec.Types
attoparsec                       > [10 of 21] Compiling Data.Attoparsec.Zepto
megaparsec                       > [ 4 of 15] Compiling Text.Megaparsec.Error
attoparsec                       > [11 of 21] Compiling Data.Attoparsec.Combinator
Cabal                            > [127 of 220] Compiling Distribution.Types.ComponentRequestedSpec
optparse-applicative             > [ 9 of 16] Compiling Options.Applicative.Help
attoparsec                       > [12 of 21] Compiling Data.Attoparsec.Text.Internal
optparse-applicative             > [10 of 16] Compiling Options.Applicative.Builder.Internal
Cabal                            > [128 of 220] Compiling Distribution.Types.PackageDescription
optparse-applicative             > [11 of 16] Compiling Options.Applicative.Builder.Completer
optparse-applicative             > [12 of 16] Compiling Options.Applicative.Builder
optparse-applicative             > 
optparse-applicative             > /Volumes/D/HoTT-downloads/godel-q-setmm-160ebb/x86-tmp/stack-04092edf6ee0f4fb/optparse-applicative-0.14.3.0/Options/Applicative/Builder.hs:105:1: warning: [-Wunused-imports]
optparse-applicative             >     The import of ‘Data.Semigroup’ is redundant
optparse-applicative             >       except perhaps to import instances from ‘Data.Semigroup’
optparse-applicative             >     To import instances alone, use: import Data.Semigroup()
optparse-applicative             >     |
optparse-applicative             > 105 | import Data.Semigroup hiding (option)
optparse-applicative             >     | ^^^^^^^^^^^^^^^^^^^^^^^^^^^^^^^^^^^^^
megaparsec                       > [ 5 of 15] Compiling Text.Megaparsec.Error.Builder
optparse-applicative             > [13 of 16] Compiling Options.Applicative.BashCompletion
megaparsec                       > [ 6 of 15] Compiling Text.Megaparsec.Class
optparse-applicative             > [14 of 16] Compiling Options.Applicative.Extra
optparse-applicative             > [15 of 16] Compiling Options.Applicative
optparse-applicative             > [16 of 16] Compiling Options.Applicative.Arrows
attoparsec                       > [13 of 21] Compiling Data.Attoparsec.Text
megaparsec                       > [ 7 of 15] Compiling Text.Megaparsec.Internal
optparse-applicative             > ld: warning: -single_module is obsolete
temporary                        > configure
monad-control                    > configure
optparse-applicative             > copy/register
optparse-applicative             > Installing library in /Volumes/D/HoTT-downloads/godel-q-setmm-160ebb/x86-stack-root/snapshots/x86_64-osx/dabefbdbe6b1e1687a4d2678d733cf7c7159565f3f2285f4f8b2a36cf5c3af21/8.6.5/lib/x86_64-osx-ghc-8.6.5/optparse-applicative-0.14.3.0-5b3yQqKkvlmGuG5BsSQvS8
Cabal                            > [129 of 220] Compiling Distribution.Types.GenericPackageDescription
optparse-applicative             > Registering library for optparse-applicative-0.14.3.0..
megaparsec                       > [ 8 of 15] Compiling Text.Megaparsec.Debug
vector                           > [ 8 of 21] Compiling Data.Vector.Fusion.Bundle
megaparsec                       > [ 9 of 15] Compiling Text.Megaparsec
megaparsec                       > [10 of 15] Compiling Text.Megaparsec.Common
temporary                        > Configuring temporary-1.3...
monad-control                    > Configuring monad-control-1.0.2.3...
megaparsec                       > [11 of 15] Compiling Text.Megaparsec.Lexer
megaparsec                       > [12 of 15] Compiling Text.Megaparsec.Char
monad-control                    > build with ghc-8.6.5
temporary                        > build with ghc-8.6.5
megaparsec                       > [13 of 15] Compiling Text.Megaparsec.Char.Lexer
monad-control                    > Preprocessing library for monad-control-1.0.2.3..
monad-control                    > Building library for monad-control-1.0.2.3..
temporary                        > Preprocessing library for temporary-1.3..
temporary                        > Building library for temporary-1.3..
temporary                        > [1 of 1] Compiling System.IO.Temp
monad-control                    > [1 of 1] Compiling Control.Monad.Trans.Control
Cabal                            > [130 of 220] Compiling Distribution.Types.GenericPackageDescription.Lens
megaparsec                       > [14 of 15] Compiling Text.Megaparsec.Byte
temporary                        > ld: warning: -single_module is obsolete
Cabal                            > [131 of 220] Compiling Distribution.Types.Benchmark.Lens
monad-control                    > ld: warning: -single_module is obsolete
megaparsec                       > [15 of 15] Compiling Text.Megaparsec.Byte.Lexer
temporary                        > copy/register
Cabal                            > [132 of 220] Compiling Distribution.Types.PackageDescription.Lens
temporary                        > Installing library in /Volumes/D/HoTT-downloads/godel-q-setmm-160ebb/x86-stack-root/snapshots/x86_64-osx/dabefbdbe6b1e1687a4d2678d733cf7c7159565f3f2285f4f8b2a36cf5c3af21/8.6.5/lib/x86_64-osx-ghc-8.6.5/temporary-1.3-3Qiq6NHR3RkIyhNk3iu0m
temporary                        > Registering library for temporary-1.3..
monad-control                    > copy/register
monad-control                    > Installing library in /Volumes/D/HoTT-downloads/godel-q-setmm-160ebb/x86-stack-root/snapshots/x86_64-osx/dabefbdbe6b1e1687a4d2678d733cf7c7159565f3f2285f4f8b2a36cf5c3af21/8.6.5/lib/x86_64-osx-ghc-8.6.5/monad-control-1.0.2.3-At5xRpwF2S6HGPjjUhSXZF
monad-control                    > Registering library for monad-control-1.0.2.3..
Cabal                            > [133 of 220] Compiling Distribution.Types.Lens
Cabal                            > [134 of 220] Compiling Distribution.PackageDescription
megaparsec                       > ld: warning: -single_module is obsolete
Cabal                            > [135 of 220] Compiling Distribution.Simple.BuildToolDepends
vector                           > [ 9 of 21] Compiling Data.Vector.Generic.Mutable
megaparsec                       > copy/register
megaparsec                       > Installing library in /Volumes/D/HoTT-downloads/godel-q-setmm-160ebb/x86-stack-root/snapshots/x86_64-osx/dabefbdbe6b1e1687a4d2678d733cf7c7159565f3f2285f4f8b2a36cf5c3af21/8.6.5/lib/x86_64-osx-ghc-8.6.5/megaparsec-7.0.5-BmI1LjcpgTFGEh1LyBjNJ6
Cabal                            > [136 of 220] Compiling Distribution.Types.ExposedModule
megaparsec                       > Registering library for megaparsec-7.0.5..
Cabal                            > [137 of 220] Compiling Distribution.Types.InstalledPackageInfo
attoparsec                       > [14 of 21] Compiling Data.Attoparsec.Text.Lazy
vector                           > [10 of 21] Compiling Data.Vector.Generic.New
attoparsec                       > [15 of 21] Compiling Data.Attoparsec.ByteString.Internal
vector                           > [11 of 21] Compiling Data.Vector.Generic
Cabal                            > [138 of 220] Compiling Distribution.Types.InstalledPackageInfo.Lens
tasty                            > configure
attoparsec                       > [16 of 21] Compiling Data.Attoparsec.ByteString
Cabal                            > [139 of 220] Compiling Distribution.PrettyUtils
attoparsec                       > [17 of 21] Compiling Data.Attoparsec.ByteString.Lazy
Cabal                            > [140 of 220] Compiling Paths_Cabal
attoparsec                       > [18 of 21] Compiling Data.Attoparsec.Lazy
Cabal                            > [141 of 220] Compiling Distribution.Simple.Utils
attoparsec                       > [19 of 21] Compiling Data.Attoparsec.ByteString.Char8
async-pool                       > configure
tasty                            > Configuring tasty-1.2...
tasty                            > build with ghc-8.6.5
tasty                            > Preprocessing library for tasty-1.2..
tasty                            > Building library for tasty-1.2..
Cabal                            > [142 of 220] Compiling Distribution.Utils.NubList
async-pool                       > Configuring async-pool-0.9.0.2...
Cabal                            > [143 of 220] Compiling Distribution.Utils.LogProgress
Cabal                            > [144 of 220] Compiling Distribution.Simple.Program.ResponseFile
Cabal                            > [145 of 220] Compiling Distribution.Simple.Program.Find
async-pool                       > build with ghc-8.6.5
async-pool                       > Preprocessing library for async-pool-0.9.0.2..
async-pool                       > Building library for async-pool-0.9.0.2..
Cabal                            > [146 of 220] Compiling Distribution.Simple.Program.Types
async-pool                       > [1 of 3] Compiling Control.Concurrent.Async.Pool.Async
tasty                            > 
tasty                            > /Volumes/D/HoTT-downloads/godel-q-setmm-160ebb/x86-tmp/stack-04092edf6ee0f4fb/tasty-1.2/Test/Tasty/CmdLine.hs:24:5: error:
tasty                            >      warning: macro expansion producing 'defined' has undefined behavior [-Wexpansion-to-defined]
tasty                            >        24 | #if INSTALL_HANDLERS
tasty                            >           |     ^
tasty                            >    |
tasty                            > 24 | #if INSTALL_HANDLERS
tasty                            >    |     ^
tasty                            > 
tasty                            > /Volumes/D/HoTT-downloads/godel-q-setmm-160ebb/x86-tmp/stack-04092edf6ee0f4fb/tasty-1.2/Test/Tasty/CmdLine.hs:22:26: error:
tasty                            >      note: expanded from macro 'INSTALL_HANDLERS'
tasty                            >        22 | #define INSTALL_HANDLERS defined UNIX && MIN_VERSION_base(4,6,0)
tasty                            >           |                          ^
tasty                            >    |
tasty                            > 22 | #define INSTALL_HANDLERS defined UNIX && MIN_VERSION_base(4,6,0)
tasty                            >    |                          ^
tasty                            > 
tasty                            > /Volumes/D/HoTT-downloads/godel-q-setmm-160ebb/x86-tmp/stack-04092edf6ee0f4fb/tasty-1.2/Test/Tasty/CmdLine.hs:87:5: error:
tasty                            >      warning: macro expansion producing 'defined' has undefined behavior [-Wexpansion-to-defined]
tasty                            >        87 | #if INSTALL_HANDLERS
tasty                            >           |     ^
tasty                            >    |
tasty                            > 87 | #if INSTALL_HANDLERS
tasty                            >    |     ^
tasty                            > 
tasty                            > /Volumes/D/HoTT-downloads/godel-q-setmm-160ebb/x86-tmp/stack-04092edf6ee0f4fb/tasty-1.2/Test/Tasty/CmdLine.hs:22:26: error:
tasty                            >      note: expanded from macro 'INSTALL_HANDLERS'
tasty                            >        22 | #define INSTALL_HANDLERS defined UNIX && MIN_VERSION_base(4,6,0)
tasty                            >           |                          ^
tasty                            >    |
tasty                            > 22 | #define INSTALL_HANDLERS defined UNIX && MIN_VERSION_base(4,6,0)
tasty                            >    |                          ^
tasty                            > 2 warnings generated.
tasty                            > [ 1 of 22] Compiling Test.Tasty.Options
tasty                            > [ 2 of 22] Compiling Test.Tasty.Parallel
Cabal                            > [147 of 220] Compiling Distribution.Simple.Program.Run
tasty                            > [ 3 of 22] Compiling Test.Tasty.Patterns.Expr
tasty                            > [ 4 of 22] Compiling Test.Tasty.Patterns.Types
async-pool                       > [2 of 3] Compiling Control.Concurrent.Async.Pool.Internal
Cabal                            > [148 of 220] Compiling Distribution.Simple.Program.Script
Cabal                            > [149 of 220] Compiling Distribution.Simple.Program.Hpc
tasty                            > [ 5 of 22] Compiling Test.Tasty.Patterns.Parser
Cabal                            > [150 of 220] Compiling Distribution.Simple.Glob
async-pool                       > [3 of 3] Compiling Control.Concurrent.Async.Pool
tasty                            > [ 6 of 22] Compiling Test.Tasty.Patterns.Eval
attoparsec                       > [20 of 21] Compiling Data.Attoparsec.Char8
Cabal                            > [151 of 220] Compiling Distribution.Simple.Compiler
attoparsec                       > [21 of 21] Compiling Data.Attoparsec
async-pool                       > ld: warning: -single_module is obsolete
tasty                            > [ 7 of 22] Compiling Test.Tasty.Patterns
async-pool                       > copy/register
async-pool                       > Installing library in /Volumes/D/HoTT-downloads/godel-q-setmm-160ebb/x86-stack-root/snapshots/x86_64-osx/dabefbdbe6b1e1687a4d2678d733cf7c7159565f3f2285f4f8b2a36cf5c3af21/8.6.5/lib/x86_64-osx-ghc-8.6.5/async-pool-0.9.0.2-2qqFHveuVr99WHIUTOiV8y
tasty                            > [ 8 of 22] Compiling Test.Tasty.Options.Core
async-pool                       > Registering library for async-pool-0.9.0.2..
attoparsec                       > ld: warning: -single_module is obsolete
tasty                            > [ 9 of 22] Compiling Test.Tasty.Core
attoparsec                       > copy/register
attoparsec                       > Installing library in /Volumes/D/HoTT-downloads/godel-q-setmm-160ebb/x86-stack-root/snapshots/x86_64-osx/dabefbdbe6b1e1687a4d2678d733cf7c7159565f3f2285f4f8b2a36cf5c3af21/8.6.5/lib/x86_64-osx-ghc-8.6.5/attoparsec-0.13.2.2-6XZWdvg7dAKGuzy18iXIM3
vector                           > [12 of 21] Compiling Data.Vector.Mutable
attoparsec                       > Registering library for attoparsec-0.13.2.2..
tasty                            > [10 of 22] Compiling Test.Tasty.Providers
vector                           > [13 of 21] Compiling Data.Vector
tasty                            > [11 of 22] Compiling Test.Tasty.Runners.Reducers
tasty                            > [12 of 22] Compiling Test.Tasty.Run
Cabal                            > [152 of 220] Compiling Distribution.Simple.GHC.ImplInfo
Cabal                            > [153 of 220] Compiling Distribution.Simple.Program.GHC
tasty                            > [13 of 22] Compiling Test.Tasty.Ingredients
tasty                            > [14 of 22] Compiling Test.Tasty.Ingredients.ListTests
tasty                            > [15 of 22] Compiling Test.Tasty.Ingredients.IncludingOptions
tasty                            > [16 of 22] Compiling Test.Tasty.Options.Env
tasty                            > [17 of 22] Compiling Test.Tasty.CmdLine
tasty                            > [18 of 22] Compiling Test.Tasty.Runners.Utils
vector                           > [14 of 21] Compiling Data.Vector.Primitive.Mutable
tasty                            > [19 of 22] Compiling Test.Tasty.Ingredients.ConsoleReporter
vector                           > [15 of 21] Compiling Data.Vector.Primitive
tasty                            > [20 of 22] Compiling Test.Tasty.Ingredients.Basic
tasty                            > [21 of 22] Compiling Test.Tasty.Runners
tasty                            > [22 of 22] Compiling Test.Tasty
Cabal                            > [154 of 220] Compiling Distribution.Simple.Program.Builtin
tasty                            > ld: warning: -single_module is obsolete
vector                           > [16 of 21] Compiling Data.Vector.Storable.Internal
tasty                            > copy/register
vector                           > [17 of 21] Compiling Data.Vector.Storable.Mutable
tasty                            > Installing library in /Volumes/D/HoTT-downloads/godel-q-setmm-160ebb/x86-stack-root/snapshots/x86_64-osx/dabefbdbe6b1e1687a4d2678d733cf7c7159565f3f2285f4f8b2a36cf5c3af21/8.6.5/lib/x86_64-osx-ghc-8.6.5/tasty-1.2-IaIPKGQeRYs9ogpvjvgAlh
Cabal                            > [155 of 220] Compiling Distribution.Simple.Program.Db
tasty                            > Registering library for tasty-1.2..
vector                           > [18 of 21] Compiling Data.Vector.Storable
Cabal                            > [156 of 220] Compiling Distribution.Simple.Program
Cabal                            > [157 of 220] Compiling Distribution.Simple.Program.Strip
Cabal                            > [158 of 220] Compiling Distribution.Simple.Command
Cabal                            > [159 of 220] Compiling Distribution.Simple.Setup
vector                           > [19 of 21] Compiling Data.Vector.Unboxed.Base
tasty-hunit                      > configure
tasty-hunit                      > Configuring tasty-hunit-0.10.0.1...
tasty-hunit                      > build with ghc-8.6.5
tasty-hunit                      > Preprocessing library for tasty-hunit-0.10.0.1..
tasty-hunit                      > Building library for tasty-hunit-0.10.0.1..
tasty-hunit                      > [1 of 3] Compiling Test.Tasty.HUnit.Orig
tasty-hunit                      > [2 of 3] Compiling Test.Tasty.HUnit.Steps
tasty-hunit                      > [3 of 3] Compiling Test.Tasty.HUnit
tasty-hunit                      > ld: warning: -single_module is obsolete
tasty-hunit                      > copy/register
tasty-hunit                      > Installing library in /Volumes/D/HoTT-downloads/godel-q-setmm-160ebb/x86-stack-root/snapshots/x86_64-osx/dabefbdbe6b1e1687a4d2678d733cf7c7159565f3f2285f4f8b2a36cf5c3af21/8.6.5/lib/x86_64-osx-ghc-8.6.5/tasty-hunit-0.10.0.1-3eo54tcKz1QD1ZBO3CesU6
tasty-hunit                      > Registering library for tasty-hunit-0.10.0.1..
vector                           > [20 of 21] Compiling Data.Vector.Unboxed
vector                           > [21 of 21] Compiling Data.Vector.Unboxed.Mutable
Cabal                            > [160 of 220] Compiling Distribution.Parsec.ParseResult
Cabal                            > [161 of 220] Compiling Distribution.Parsec.ConfVar
vector                           > ld: warning: -single_module is obsolete
vector                           > copy/register
vector                           > Installing library in /Volumes/D/HoTT-downloads/godel-q-setmm-160ebb/x86-stack-root/snapshots/x86_64-osx/dabefbdbe6b1e1687a4d2678d733cf7c7159565f3f2285f4f8b2a36cf5c3af21/8.6.5/lib/x86_64-osx-ghc-8.6.5/vector-0.12.0.3-LfvlcMFJAcY18uD1Y2O5Ig
vector                           > Registering library for vector-0.12.0.3..
Cabal                            > [162 of 220] Compiling Distribution.PackageDescription.Configuration
Cabal                            > [163 of 220] Compiling Distribution.Make
Cabal                            > [164 of 220] Compiling Distribution.FieldGrammar.Pretty
Cabal                            > [165 of 220] Compiling Distribution.FieldGrammar.Parsec
Cabal                            > [166 of 220] Compiling Distribution.FieldGrammar
Cabal                            > [167 of 220] Compiling Distribution.PackageDescription.FieldGrammar
Cabal                            > [168 of 220] Compiling Distribution.PackageDescription.PrettyPrint
Cabal                            > [169 of 220] Compiling Distribution.PackageDescription.Parsec
Cabal                            > [170 of 220] Compiling Distribution.FieldGrammar.FieldDescrs
Cabal                            > [171 of 220] Compiling Distribution.Types.InstalledPackageInfo.FieldGrammar
Cabal                            > [172 of 220] Compiling Distribution.InstalledPackageInfo
Cabal                            > [173 of 220] Compiling Distribution.Types.ComponentLocalBuildInfo
Cabal                            > [174 of 220] Compiling Distribution.Types.TargetInfo
Cabal                            > [175 of 220] Compiling Distribution.Simple.Program.HcPkg
Cabal                            > [176 of 220] Compiling Distribution.Simple.PackageIndex
Cabal                            > [177 of 220] Compiling Distribution.Types.LocalBuildInfo
aeson                            > configure
dynamic-mvector                  > configure
vector-algorithms                > configure
vector-builder                   > configure
vector-th-unbox                  > configure
Cabal                            > [178 of 220] Compiling Distribution.Simple.LocalBuildInfo
dynamic-mvector                  > Configuring dynamic-mvector-0.1.0.5...
vector-algorithms                > Configuring vector-algorithms-0.8.0.1...
vector-builder                   > Configuring vector-builder-0.3.7.2...
vector-th-unbox                  > Configuring vector-th-unbox-0.2.1.6...
aeson                            > Configuring aeson-1.4.2.0...
Cabal                            > [179 of 220] Compiling Distribution.Simple.Test.Log
vector-algorithms                > build with ghc-8.6.5
dynamic-mvector                  > build with ghc-8.6.5
vector-builder                   > build with ghc-8.6.5
vector-th-unbox                  > build with ghc-8.6.5
aeson                            > build with ghc-8.6.5
vector-algorithms                > Preprocessing library for vector-algorithms-0.8.0.1..
vector-algorithms                > Building library for vector-algorithms-0.8.0.1..
dynamic-mvector                  > Preprocessing library for dynamic-mvector-0.1.0.5..
dynamic-mvector                  > Building library for dynamic-mvector-0.1.0.5..
vector-builder                   > Preprocessing library for vector-builder-0.3.7.2..
vector-builder                   > Building library for vector-builder-0.3.7.2..
vector-th-unbox                  > Preprocessing library for vector-th-unbox-0.2.1.6..
vector-th-unbox                  > Building library for vector-th-unbox-0.2.1.6..
aeson                            > Preprocessing library for aeson-1.4.2.0..
aeson                            > Building library for aeson-1.4.2.0..
Cabal                            > [180 of 220] Compiling Distribution.Simple.Program.Ld
dynamic-mvector                  > [1 of 1] Compiling Data.Vector.Mutable.Dynamic
vector-builder                   > [1 of 8] Compiling VectorBuilder.Prelude
vector-th-unbox                  > [1 of 1] Compiling Data.Vector.Unboxed.Deriving
vector-algorithms                > [ 1 of 10] Compiling Data.Vector.Algorithms.Common
Cabal                            > [181 of 220] Compiling Distribution.Simple.Program.Ar
vector-builder                   > [2 of 8] Compiling VectorBuilder.Core.Update
vector-algorithms                > [ 2 of 10] Compiling Data.Vector.Algorithms.Optimal
vector-builder                   > [3 of 8] Compiling VectorBuilder.Core.Builder
Cabal                            > [182 of 220] Compiling Distribution.Simple.Hpc
vector-algorithms                > [ 3 of 10] Compiling Data.Vector.Algorithms.Insertion
aeson                            > [ 1 of 25] Compiling Data.Aeson.Compat
vector-builder                   > [4 of 8] Compiling VectorBuilder.MVector
vector-builder                   > [5 of 8] Compiling VectorBuilder.Builder
vector-algorithms                > [ 4 of 10] Compiling Data.Vector.Algorithms.Merge
aeson                            > [ 2 of 25] Compiling Data.Aeson.Internal.Functions
vector-th-unbox                  > ld: warning: -single_module is obsolete
vector-builder                   > [6 of 8] Compiling VectorBuilder.Vector
Cabal                            > [183 of 220] Compiling Distribution.Simple.BuildTarget
vector-th-unbox                  > copy/register
vector-builder                   > [7 of 8] Compiling VectorBuilder.MonadPlus
vector-th-unbox                  > Installing library in /Volumes/D/HoTT-downloads/godel-q-setmm-160ebb/x86-stack-root/snapshots/x86_64-osx/dabefbdbe6b1e1687a4d2678d733cf7c7159565f3f2285f4f8b2a36cf5c3af21/8.6.5/lib/x86_64-osx-ghc-8.6.5/vector-th-unbox-0.2.1.6-AJcs90aANlfCCjgFbRUrCT
vector-algorithms                > [ 5 of 10] Compiling Data.Vector.Algorithms.AmericanFlag
dynamic-mvector                  > ld: warning: -single_module is obsolete
aeson                            > [ 3 of 25] Compiling Data.Aeson.Parser.UnescapePure
vector-builder                   > [8 of 8] Compiling VectorBuilder.Alternative
vector-th-unbox                  > Registering library for vector-th-unbox-0.2.1.6..
dynamic-mvector                  > copy/register
dynamic-mvector                  > Installing library in /Volumes/D/HoTT-downloads/godel-q-setmm-160ebb/x86-stack-root/snapshots/x86_64-osx/dabefbdbe6b1e1687a4d2678d733cf7c7159565f3f2285f4f8b2a36cf5c3af21/8.6.5/lib/x86_64-osx-ghc-8.6.5/dynamic-mvector-0.1.0.5-wY97yRCzElCkJ9oh2Slc
aeson                            > [ 4 of 25] Compiling Data.Aeson.Parser.Unescape
dynamic-mvector                  > Registering library for dynamic-mvector-0.1.0.5..
aeson                            > [ 5 of 25] Compiling Data.Aeson.Types.Generic
vector-builder                   > ld: warning: -single_module is obsolete
vector-builder                   > copy/register
aeson                            > [ 6 of 25] Compiling Data.Aeson.Types.Internal
vector-builder                   > Installing library in /Volumes/D/HoTT-downloads/godel-q-setmm-160ebb/x86-stack-root/snapshots/x86_64-osx/dabefbdbe6b1e1687a4d2678d733cf7c7159565f3f2285f4f8b2a36cf5c3af21/8.6.5/lib/x86_64-osx-ghc-8.6.5/vector-builder-0.3.7.2-JJTkYJEXEoEG9xl9pXropy
vector-algorithms                > [ 6 of 10] Compiling Data.Vector.Algorithms.Heap
vector-builder                   > Registering library for vector-builder-0.3.7.2..
Cabal                            > [184 of 220] Compiling Distribution.Simple.BuildPaths
Cabal                            > [185 of 220] Compiling Distribution.Simple.UHC
Cabal                            > [186 of 220] Compiling Distribution.PackageDescription.Check
aeson                            > [ 7 of 25] Compiling Data.Aeson.Parser.Internal
vector-algorithms                > [ 7 of 10] Compiling Data.Vector.Algorithms.Intro
math-functions                   > configure
math-functions                   > Configuring math-functions-0.3.1.0...
math-functions                   > build with ghc-8.6.5
math-functions                   > Preprocessing library for math-functions-0.3.1.0..
math-functions                   > Building library for math-functions-0.3.1.0..
aeson                            > [ 8 of 25] Compiling Data.Aeson.Parser
aeson                            > [ 9 of 25] Compiling Data.Attoparsec.Time.Internal
aeson                            > 
aeson                            > /Volumes/D/HoTT-downloads/godel-q-setmm-160ebb/x86-tmp/stack-04092edf6ee0f4fb/aeson-1.4.2.0/attoparsec-iso8601/Data/Attoparsec/Time/Internal.hs:24:1: warning: [-Wunused-imports]
aeson                            >     The import of ‘Unsafe.Coerce’ is redundant
aeson                            >       except perhaps to import instances from ‘Unsafe.Coerce’
aeson                            >     To import instances alone, use: import Unsafe.Coerce()
aeson                            >    |
aeson                            > 24 | import Unsafe.Coerce (unsafeCoerce)
aeson                            >    | ^^^^^^^^^^^^^^^^^^^^^^^^^^^^^^^^^^^
Cabal                            > [187 of 220] Compiling Distribution.Simple.Build.PathsModule
aeson                            > [10 of 25] Compiling Data.Attoparsec.Time
math-functions                   > [ 1 of 10] Compiling Numeric.MathFunctions.Comparison
math-functions                   > [ 2 of 10] Compiling Numeric.MathFunctions.Constants
math-functions                   > [ 3 of 10] Compiling Numeric.Polynomial
math-functions                   > [ 4 of 10] Compiling Numeric.Polynomial.Chebyshev
aeson                            > [11 of 25] Compiling Data.Aeson.Parser.Time
math-functions                   > [ 5 of 10] Compiling Numeric.RootFinding
aeson                            > [12 of 25] Compiling Data.Aeson.Types.FromJSON
vector-algorithms                > [ 8 of 10] Compiling Data.Vector.Algorithms.Radix
math-functions                   > 
math-functions                   > /Volumes/D/HoTT-downloads/godel-q-setmm-160ebb/x86-tmp/stack-04092edf6ee0f4fb/math-functions-0.3.1.0/Numeric/RootFinding.hs:47:1: warning: [-Wunused-imports]
math-functions                   >     The import of ‘Data.Monoid’ is redundant
math-functions                   >       except perhaps to import instances from ‘Data.Monoid’
math-functions                   >     To import instances alone, use: import Data.Monoid()
math-functions                   >    |
math-functions                   > 47 | import Data.Monoid                      (Monoid(..))
math-functions                   >    | ^^^^^^^^^^^^^^^^^^^^^^^^^^^^^^^^^^^^^^^^^^^^^^^^^^^^
aeson                            > 
aeson                            > /Volumes/D/HoTT-downloads/godel-q-setmm-160ebb/x86-tmp/stack-04092edf6ee0f4fb/aeson-1.4.2.0/Data/Aeson/Types/FromJSON.hs:479:3: warning: [-Winline-rule-shadowing]
aeson                            >     Rule "FromJSONKeyCoerce: fmap id" may never fire
aeson                            >       because ‘id’ might inline first
aeson                            >     Probable fix: add an INLINE[n] or NOINLINE[n] pragma for ‘id’
aeson                            >     |
aeson                            > 479 |   "FromJSONKeyCoerce: fmap id"     forall (x :: FromJSONKeyFunction a).
aeson                            >     |   ^^^^^^^^^^^^^^^^^^^^^^^^^^^^^^^^^^^^^^^^^^^^^^^^^^^^^^^^^^^^^^^^^^^^^...
Cabal                            > [188 of 220] Compiling Distribution.Simple.Test.LibV09
vector-algorithms                > [ 9 of 10] Compiling Data.Vector.Algorithms.Search
vector-algorithms                > [10 of 10] Compiling Data.Vector.Algorithms.Tim
Cabal                            > [189 of 220] Compiling Distribution.Simple.Test.ExeV10
Cabal                            > [190 of 220] Compiling Distribution.Simple.Build.Macros
Cabal                            > [191 of 220] Compiling Distribution.Backpack.Id
math-functions                   > [ 6 of 10] Compiling Numeric.Series
Cabal                            > [192 of 220] Compiling Distribution.Backpack.ConfiguredComponent
math-functions                   > [ 7 of 10] Compiling Numeric.SpecFunctions.Internal
math-functions                   > 
math-functions                   > /Volumes/D/HoTT-downloads/godel-q-setmm-160ebb/x86-tmp/stack-04092edf6ee0f4fb/math-functions-0.3.1.0/Numeric/SpecFunctions/Internal.hs:25:1: warning: [-Wunused-imports]
math-functions                   >     The import of ‘expm1’ from module ‘GHC.Float’ is redundant
math-functions                   >    |
math-functions                   > 25 | import GHC.Float (log1p,expm1)
math-functions                   >    | ^^^^^^^^^^^^^^^^^^^^^^^^^^^^^^
Cabal                            > [193 of 220] Compiling Distribution.Backpack.ComponentsGraph
Cabal                            > [194 of 220] Compiling Distribution.Simple.HaskellSuite
Cabal                            > [195 of 220] Compiling Distribution.Simple.GHC.Internal
math-functions                   > [ 8 of 10] Compiling Numeric.SpecFunctions.Extra
math-functions                   > [ 9 of 10] Compiling Numeric.SpecFunctions
vector-algorithms                > ld: warning: -single_module is obsolete
math-functions                   > [10 of 10] Compiling Numeric.Sum
vector-algorithms                > copy/register
vector-algorithms                > Installing library in /Volumes/D/HoTT-downloads/godel-q-setmm-160ebb/x86-stack-root/snapshots/x86_64-osx/dabefbdbe6b1e1687a4d2678d733cf7c7159565f3f2285f4f8b2a36cf5c3af21/8.6.5/lib/x86_64-osx-ghc-8.6.5/vector-algorithms-0.8.0.1-DPQvLJ6FBZ6AdUOcGRsbpJ
Cabal                            > [196 of 220] Compiling Distribution.Simple.GHCJS
vector-algorithms                > Registering library for vector-algorithms-0.8.0.1..
Cabal                            > [197 of 220] Compiling Distribution.Simple.GHC.EnvironmentParser
math-functions                   > 
math-functions                   > /Volumes/D/HoTT-downloads/godel-q-setmm-160ebb/x86-tmp/stack-04092edf6ee0f4fb/math-functions-0.3.1.0/Numeric/Sum.hs:63:1: warning: [-Wunused-imports]
math-functions                   >     The import of ‘Data.Vector.Generic.Mutable’ is redundant
math-functions                   >       except perhaps to import instances from ‘Data.Vector.Generic.Mutable’
math-functions                   >     To import instances alone, use: import Data.Vector.Generic.Mutable()
math-functions                   >    |
math-functions                   > 63 | import Data.Vector.Generic.Mutable (MVector(..))
math-functions                   >    | ^^^^^^^^^^^^^^^^^^^^^^^^^^^^^^^^^^^^^^^^^^^^^^^^
Cabal                            > [198 of 220] Compiling Distribution.Simple.GHC
math-functions                   > ld: warning: -single_module is obsolete
math-functions                   > copy/register
math-functions                   > Installing library in /Volumes/D/HoTT-downloads/godel-q-setmm-160ebb/x86-stack-root/snapshots/x86_64-osx/dabefbdbe6b1e1687a4d2678d733cf7c7159565f3f2285f4f8b2a36cf5c3af21/8.6.5/lib/x86_64-osx-ghc-8.6.5/math-functions-0.3.1.0-EItxL38ive1JvQJeZ9HHuv
math-functions                   > Registering library for math-functions-0.3.1.0..
Cabal                            > [199 of 220] Compiling Distribution.Simple.Install
mwc-random                       > configure
Cabal                            > [200 of 220] Compiling Distribution.Backpack.ModuleShape
Cabal                            > [201 of 220] Compiling Distribution.Backpack.UnifyM
mwc-random                       > Configuring mwc-random-0.14.0.0...
Cabal                            > [202 of 220] Compiling Distribution.Backpack.MixLink
mwc-random                       > build with ghc-8.6.5
mwc-random                       > Preprocessing library for mwc-random-0.14.0.0..
mwc-random                       > Building library for mwc-random-0.14.0.0..
Cabal                            > [203 of 220] Compiling Distribution.Backpack.PreModuleShape
mwc-random                       > [1 of 4] Compiling System.Random.MWC.SeedSource
Cabal                            > [204 of 220] Compiling Distribution.Backpack.PreExistingComponent
Cabal                            > [205 of 220] Compiling Distribution.Backpack.LinkedComponent
mwc-random                       > [2 of 4] Compiling System.Random.MWC
Cabal                            > [206 of 220] Compiling Distribution.Compat.Time
Cabal                            > [207 of 220] Compiling Distribution.Backpack.ReadyComponent
aeson                            > [13 of 25] Compiling Data.Aeson.Internal
Cabal                            > [208 of 220] Compiling Distribution.Backpack.Configure
aeson                            > [14 of 25] Compiling Data.Aeson.Internal.Time
aeson                            > [15 of 25] Compiling Data.Aeson.Encoding.Builder
Cabal                            > [209 of 220] Compiling Distribution.Backpack.DescribeUnitId
Cabal                            > [210 of 220] Compiling Distribution.Simple.Register
aeson                            > [16 of 25] Compiling Data.Aeson.Encoding.Internal
mwc-random                       > [3 of 4] Compiling System.Random.MWC.Distributions
aeson                            > [17 of 25] Compiling Data.Aeson.Encoding
Cabal                            > [211 of 220] Compiling Distribution.Simple.PreProcess
aeson                            > [18 of 25] Compiling Data.Aeson.Types.ToJSON
Cabal                            > [212 of 220] Compiling Distribution.Simple.UserHooks
Cabal                            > [213 of 220] Compiling Distribution.Simple.Test
Cabal                            > [214 of 220] Compiling Distribution.Simple.Bench
Cabal                            > [215 of 220] Compiling Distribution.Simple.SrcDist
Cabal                            > [216 of 220] Compiling Distribution.Simple.Configure
mwc-random                       > [4 of 4] Compiling System.Random.MWC.CondensedTable
Cabal                            > [217 of 220] Compiling Distribution.Simple.Build
Cabal                            > [218 of 220] Compiling Distribution.Simple.Haddock
mwc-random                       > ld: warning: -single_module is obsolete
mwc-random                       > copy/register
mwc-random                       > Installing library in /Volumes/D/HoTT-downloads/godel-q-setmm-160ebb/x86-stack-root/snapshots/x86_64-osx/dabefbdbe6b1e1687a4d2678d733cf7c7159565f3f2285f4f8b2a36cf5c3af21/8.6.5/lib/x86_64-osx-ghc-8.6.5/mwc-random-0.14.0.0-LgTmlmneBfkE1qbtwLR3tF
Cabal                            > [219 of 220] Compiling Distribution.Simple.Doctest
mwc-random                       > Registering library for mwc-random-0.14.0.0..
Cabal                            > [220 of 220] Compiling Distribution.Simple
Cabal                            > ld: warning: -single_module is obsolete
Cabal                            > copy/register
Cabal                            > Installing library in /Volumes/D/HoTT-downloads/godel-q-setmm-160ebb/x86-stack-root/snapshots/x86_64-osx/dabefbdbe6b1e1687a4d2678d733cf7c7159565f3f2285f4f8b2a36cf5c3af21/8.6.5/lib/x86_64-osx-ghc-8.6.5/Cabal-2.4.1.0-4t2ut7bCQNuEj8DDES6BZk
Cabal                            > Registering library for Cabal-2.4.1.0..
aeson                            > [19 of 25] Compiling Data.Aeson.Types.Class
aeson                            > [20 of 25] Compiling Data.Aeson.Types
aeson                            > [21 of 25] Compiling Data.Aeson.Text
aeson                            > [22 of 25] Compiling Data.Aeson
aeson                            > [23 of 25] Compiling Data.Aeson.TH
aeson                            > [24 of 25] Compiling Data.Aeson.QQ.Simple
aeson                            > [25 of 25] Compiling Data.Aeson.Encode
aeson                            > ld: warning: -single_module is obsolete
aeson                            > copy/register
aeson                            > Installing library in /Volumes/D/HoTT-downloads/godel-q-setmm-160ebb/x86-stack-root/snapshots/x86_64-osx/dabefbdbe6b1e1687a4d2678d733cf7c7159565f3f2285f4f8b2a36cf5c3af21/8.6.5/lib/x86_64-osx-ghc-8.6.5/aeson-1.4.2.0-D8uncPFaOD1BKFkUIGYQ4
cabal-doctest                    > configure
happy                            > configure
aeson                            > Registering library for aeson-1.4.2.0..
cabal-doctest                    > Configuring cabal-doctest-1.0.6...
cabal-doctest                    > build with ghc-8.6.5
cabal-doctest                    > Preprocessing library for cabal-doctest-1.0.6..
cabal-doctest                    > Building library for cabal-doctest-1.0.6..
cabal-doctest                    > [1 of 1] Compiling Distribution.Extra.Doctest
happy                            > [1 of 2] Compiling Main             ( /Volumes/D/HoTT-downloads/godel-q-setmm-160ebb/x86-tmp/stack-04092edf6ee0f4fb/happy-1.19.11/Setup.lhs, /Volumes/D/HoTT-downloads/godel-q-setmm-160ebb/x86-tmp/stack-04092edf6ee0f4fb/happy-1.19.11/.stack-work/dist/x86_64-osx/ghc-8.6.5/setup/Main.o )
happy                            > 
happy                            > /Volumes/D/HoTT-downloads/godel-q-setmm-160ebb/x86-tmp/stack-04092edf6ee0f4fb/happy-1.19.11/Setup.lhs:48:22: warning: [-Wdeprecations]
happy                            >     In the use of ‘rawSystemProgramConf’
happy                            >     (imported from Distribution.Simple.Program):
happy                            >     Deprecated: "use runDbProgram instead. This symbol will be removed in Cabal-3.0 (est. Mar 2019)."
happy                            >    |
happy                            > 48 |   let runProgram p = rawSystemProgramConf (fromFlagOrDefault normal (buildVerbosity flags))
happy                            >    |                      ^^^^^^^^^^^^^^^^^^^^
happy                            > [2 of 2] Compiling StackSetupShim   ( /Volumes/D/HoTT-downloads/godel-q-setmm-160ebb/x86-stack-root/setup-exe-src/setup-shim-w2MFVN35.hs, /Volumes/D/HoTT-downloads/godel-q-setmm-160ebb/x86-tmp/stack-04092edf6ee0f4fb/happy-1.19.11/.stack-work/dist/x86_64-osx/ghc-8.6.5/setup/StackSetupShim.o )
happy                            > Linking /Volumes/D/HoTT-downloads/godel-q-setmm-160ebb/x86-tmp/stack-04092edf6ee0f4fb/happy-1.19.11/.stack-work/dist/x86_64-osx/ghc-8.6.5/setup/setup ...
happy                            > ld: warning: ignoring duplicate libraries: '-lm'
cabal-doctest                    > ld: warning: -single_module is obsolete
cabal-doctest                    > copy/register
cabal-doctest                    > Installing library in /Volumes/D/HoTT-downloads/godel-q-setmm-160ebb/x86-stack-root/snapshots/x86_64-osx/dabefbdbe6b1e1687a4d2678d733cf7c7159565f3f2285f4f8b2a36cf5c3af21/8.6.5/lib/x86_64-osx-ghc-8.6.5/cabal-doctest-1.0.6-JAfPX6tflaY9kZ4EpfkxUI
cabal-doctest                    > Registering library for cabal-doctest-1.0.6..
happy                            > Configuring happy-1.19.11...
happy                            > build with ghc-8.6.5
happy                            > Preprocessing executable 'happy' for happy-1.19.11..
happy                            > Building executable 'happy' for happy-1.19.11..
distributive                     > configure
happy                            > [ 1 of 19] Compiling AbsSyn
distributive                     > [1 of 2] Compiling Main             ( /Volumes/D/HoTT-downloads/godel-q-setmm-160ebb/x86-tmp/stack-04092edf6ee0f4fb/distributive-0.6/Setup.lhs, /Volumes/D/HoTT-downloads/godel-q-setmm-160ebb/x86-tmp/stack-04092edf6ee0f4fb/distributive-0.6/.stack-work/dist/x86_64-osx/ghc-8.6.5/setup/Main.o )
distributive                     > [2 of 2] Compiling StackSetupShim   ( /Volumes/D/HoTT-downloads/godel-q-setmm-160ebb/x86-stack-root/setup-exe-src/setup-shim-w2MFVN35.hs, /Volumes/D/HoTT-downloads/godel-q-setmm-160ebb/x86-tmp/stack-04092edf6ee0f4fb/distributive-0.6/.stack-work/dist/x86_64-osx/ghc-8.6.5/setup/StackSetupShim.o )
happy                            > [ 2 of 19] Compiling GenUtils
distributive                     > Linking /Volumes/D/HoTT-downloads/godel-q-setmm-160ebb/x86-tmp/stack-04092edf6ee0f4fb/distributive-0.6/.stack-work/dist/x86_64-osx/ghc-8.6.5/setup/setup ...
happy                            > [ 3 of 19] Compiling NameSet
distributive                     > ld: warning: ignoring duplicate libraries: '-lm'
happy                            > [ 4 of 19] Compiling ParamRules
happy                            > [ 5 of 19] Compiling ParseMonad
happy                            > [ 6 of 19] Compiling Lexer
happy                            > [ 7 of 19] Compiling AttrGrammar
happy                            > [ 8 of 19] Compiling AttrGrammarParser
happy                            > [ 9 of 19] Compiling Grammar
happy                            > [10 of 19] Compiling LALR
distributive                     > Configuring distributive-0.6...
happy                            > [11 of 19] Compiling First
happy                            > [12 of 19] Compiling Parser
distributive                     > build with ghc-8.6.5
distributive                     > Preprocessing library for distributive-0.6..
distributive                     > Building library for distributive-0.6..
distributive                     > [1 of 2] Compiling Data.Distributive
happy                            > [13 of 19] Compiling Paths_happy
happy                            > [14 of 19] Compiling Info
happy                            > [15 of 19] Compiling PrettyGrammar
distributive                     > [2 of 2] Compiling Data.Distributive.Generic
happy                            > [16 of 19] Compiling ProduceGLRCode
distributive                     > ld: warning: -single_module is obsolete
distributive                     > copy/register
distributive                     > Installing library in /Volumes/D/HoTT-downloads/godel-q-setmm-160ebb/x86-stack-root/snapshots/x86_64-osx/dabefbdbe6b1e1687a4d2678d733cf7c7159565f3f2285f4f8b2a36cf5c3af21/8.6.5/lib/x86_64-osx-ghc-8.6.5/distributive-0.6-3AZ16mK1QBO5W5Ouhno1al
distributive                     > Registering library for distributive-0.6..
happy                            > [17 of 19] Compiling Target
happy                            > [18 of 19] Compiling ProduceCode
happy                            > [19 of 19] Compiling Main
comonad                          > configure
comonad                          > [1 of 2] Compiling Main             ( /Volumes/D/HoTT-downloads/godel-q-setmm-160ebb/x86-tmp/stack-04092edf6ee0f4fb/comonad-5.0.5/Setup.lhs, /Volumes/D/HoTT-downloads/godel-q-setmm-160ebb/x86-tmp/stack-04092edf6ee0f4fb/comonad-5.0.5/.stack-work/dist/x86_64-osx/ghc-8.6.5/setup/Main.o )
comonad                          > [2 of 2] Compiling StackSetupShim   ( /Volumes/D/HoTT-downloads/godel-q-setmm-160ebb/x86-stack-root/setup-exe-src/setup-shim-w2MFVN35.hs, /Volumes/D/HoTT-downloads/godel-q-setmm-160ebb/x86-tmp/stack-04092edf6ee0f4fb/comonad-5.0.5/.stack-work/dist/x86_64-osx/ghc-8.6.5/setup/StackSetupShim.o )
comonad                          > Linking /Volumes/D/HoTT-downloads/godel-q-setmm-160ebb/x86-tmp/stack-04092edf6ee0f4fb/comonad-5.0.5/.stack-work/dist/x86_64-osx/ghc-8.6.5/setup/setup ...
comonad                          > ld: warning: ignoring duplicate libraries: '-lm'
happy                            > Linking /Volumes/D/HoTT-downloads/godel-q-setmm-160ebb/x86-tmp/stack-04092edf6ee0f4fb/happy-1.19.11/.stack-work/dist/x86_64-osx/ghc-8.6.5/build/happy/happy ...
happy                            > ld: warning: ignoring duplicate libraries: '-lm'
comonad                          > Configuring comonad-5.0.5...
happy                            > copy/register
happy                            > Installing executable happy in /Volumes/D/HoTT-downloads/godel-q-setmm-160ebb/x86-stack-root/snapshots/x86_64-osx/dabefbdbe6b1e1687a4d2678d733cf7c7159565f3f2285f4f8b2a36cf5c3af21/8.6.5/bin
comonad                          > build with ghc-8.6.5
comonad                          > Preprocessing library for comonad-5.0.5..
comonad                          > Building library for comonad-5.0.5..
comonad                          > [ 1 of 15] Compiling Control.Comonad
comonad                          > [ 2 of 15] Compiling Control.Comonad.Hoist.Class
comonad                          > [ 3 of 15] Compiling Control.Comonad.Trans.Class
comonad                          > [ 4 of 15] Compiling Control.Comonad.Trans.Env
comonad                          > [ 5 of 15] Compiling Control.Comonad.Trans.Identity
comonad                          > [ 6 of 15] Compiling Control.Comonad.Identity
comonad                          > [ 7 of 15] Compiling Control.Comonad.Trans.Store
comonad                          > [ 8 of 15] Compiling Control.Comonad.Trans.Traced
comonad                          > [ 9 of 15] Compiling Control.Comonad.Traced.Class
comonad                          > [10 of 15] Compiling Control.Comonad.Traced
comonad                          > [11 of 15] Compiling Control.Comonad.Store.Class
comonad                          > [12 of 15] Compiling Control.Comonad.Store
comonad                          > [13 of 15] Compiling Control.Comonad.Env.Class
comonad                          > [14 of 15] Compiling Control.Comonad.Env
comonad                          > [15 of 15] Compiling Data.Functor.Composition
comonad                          > ld: warning: -single_module is obsolete
comonad                          > copy/register
comonad                          > Installing library in /Volumes/D/HoTT-downloads/godel-q-setmm-160ebb/x86-stack-root/snapshots/x86_64-osx/dabefbdbe6b1e1687a4d2678d733cf7c7159565f3f2285f4f8b2a36cf5c3af21/8.6.5/lib/x86_64-osx-ghc-8.6.5/comonad-5.0.5-JFdRPgecuFj5lQyTZW7sIK
comonad                          > Registering library for comonad-5.0.5..
bifunctors                       > configure
bifunctors                       > Configuring bifunctors-5.5.4...
bifunctors                       > build with ghc-8.6.5
bifunctors                       > Preprocessing library for bifunctors-5.5.4..
bifunctors                       > Building library for bifunctors-5.5.4..
bifunctors                       > [ 1 of 15] Compiling Data.Biapplicative
bifunctors                       > [ 2 of 15] Compiling Data.Bifunctor.Biff
bifunctors                       > [ 3 of 15] Compiling Data.Bifunctor.Clown
bifunctors                       > [ 4 of 15] Compiling Data.Bifunctor.Fix
bifunctors                       > [ 5 of 15] Compiling Data.Bifunctor.Functor
bifunctors                       > [ 6 of 15] Compiling Data.Bifunctor.Flip
bifunctors                       > [ 7 of 15] Compiling Data.Bifunctor.Join
bifunctors                       > [ 8 of 15] Compiling Data.Bifunctor.Joker
bifunctors                       > [ 9 of 15] Compiling Data.Bifunctor.Product
bifunctors                       > [10 of 15] Compiling Data.Bifunctor.Sum
bifunctors                       > [11 of 15] Compiling Data.Bifunctor.TH.Internal
bifunctors                       > [12 of 15] Compiling Data.Bifunctor.TH
bifunctors                       > [13 of 15] Compiling Data.Bifunctor.Tannen
bifunctors                       > [14 of 15] Compiling Data.Bifunctor.Wrapped
bifunctors                       > [15 of 15] Compiling Paths_bifunctors
bifunctors                       > ld: warning: -single_module is obsolete
bifunctors                       > copy/register
bifunctors                       > Installing library in /Volumes/D/HoTT-downloads/godel-q-setmm-160ebb/x86-stack-root/snapshots/x86_64-osx/dabefbdbe6b1e1687a4d2678d733cf7c7159565f3f2285f4f8b2a36cf5c3af21/8.6.5/lib/x86_64-osx-ghc-8.6.5/bifunctors-5.5.4-IlbDVA9XHWAJq2PByxA06p
bifunctors                       > Registering library for bifunctors-5.5.4..
profunctors                      > configure
semigroupoids                    > configure
semigroupoids                    > [1 of 2] Compiling Main             ( /Volumes/D/HoTT-downloads/godel-q-setmm-160ebb/x86-tmp/stack-04092edf6ee0f4fb/semigroupoids-5.3.2/Setup.lhs, /Volumes/D/HoTT-downloads/godel-q-setmm-160ebb/x86-tmp/stack-04092edf6ee0f4fb/semigroupoids-5.3.2/.stack-work/dist/x86_64-osx/ghc-8.6.5/setup/Main.o )
semigroupoids                    > [2 of 2] Compiling StackSetupShim   ( /Volumes/D/HoTT-downloads/godel-q-setmm-160ebb/x86-stack-root/setup-exe-src/setup-shim-w2MFVN35.hs, /Volumes/D/HoTT-downloads/godel-q-setmm-160ebb/x86-tmp/stack-04092edf6ee0f4fb/semigroupoids-5.3.2/.stack-work/dist/x86_64-osx/ghc-8.6.5/setup/StackSetupShim.o )
semigroupoids                    > Linking /Volumes/D/HoTT-downloads/godel-q-setmm-160ebb/x86-tmp/stack-04092edf6ee0f4fb/semigroupoids-5.3.2/.stack-work/dist/x86_64-osx/ghc-8.6.5/setup/setup ...
semigroupoids                    > ld: warning: ignoring duplicate libraries: '-lm'
profunctors                      > Configuring profunctors-5.3...
profunctors                      > build with ghc-8.6.5
profunctors                      > Preprocessing library for profunctors-5.3..
profunctors                      > Building library for profunctors-5.3..
profunctors                      > [ 1 of 16] Compiling Data.Profunctor.Unsafe
profunctors                      > [ 2 of 16] Compiling Data.Profunctor.Types
semigroupoids                    > Configuring semigroupoids-5.3.2...
profunctors                      > [ 3 of 16] Compiling Data.Profunctor.Monad
profunctors                      > [ 4 of 16] Compiling Data.Profunctor.Adjunction
semigroupoids                    > build with ghc-8.6.5
profunctors                      > [ 5 of 16] Compiling Data.Profunctor.Strong
semigroupoids                    > Preprocessing library for semigroupoids-5.3.2..
semigroupoids                    > Building library for semigroupoids-5.3.2..
profunctors                      > [ 6 of 16] Compiling Data.Profunctor.Closed
profunctors                      > [ 7 of 16] Compiling Data.Profunctor.Choice
semigroupoids                    > [ 1 of 21] Compiling Data.Functor.Extend
profunctors                      > [ 8 of 16] Compiling Data.Profunctor.Traversing
semigroupoids                    > [ 2 of 21] Compiling Data.Functor.Bind.Class
profunctors                      > [ 9 of 16] Compiling Data.Profunctor.Mapping
profunctors                      > [10 of 16] Compiling Data.Profunctor
profunctors                      > [11 of 16] Compiling Data.Profunctor.Sieve
profunctors                      > [12 of 16] Compiling Data.Profunctor.Rep
profunctors                      > [13 of 16] Compiling Data.Profunctor.Composition
profunctors                      > [14 of 16] Compiling Data.Profunctor.Ran
profunctors                      > [15 of 16] Compiling Data.Profunctor.Cayley
semigroupoids                    > [ 3 of 21] Compiling Data.Functor.Apply
profunctors                      > [16 of 16] Compiling Data.Profunctor.Yoneda
semigroupoids                    > [ 4 of 21] Compiling Data.Functor.Bind
semigroupoids                    > [ 5 of 21] Compiling Data.Functor.Bind.Trans
semigroupoids                    > [ 6 of 21] Compiling Data.Functor.Alt
profunctors                      > ld: warning: -single_module is obsolete
profunctors                      > copy/register
profunctors                      > Installing library in /Volumes/D/HoTT-downloads/godel-q-setmm-160ebb/x86-stack-root/snapshots/x86_64-osx/dabefbdbe6b1e1687a4d2678d733cf7c7159565f3f2285f4f8b2a36cf5c3af21/8.6.5/lib/x86_64-osx-ghc-8.6.5/profunctors-5.3-2K29wrdl16hKfksHLAek8X
semigroupoids                    > [ 7 of 21] Compiling Data.Bifunctor.Apply
profunctors                      > Registering library for profunctors-5.3..
semigroupoids                    > [ 8 of 21] Compiling Data.Functor.Plus
semigroupoids                    > [ 9 of 21] Compiling Data.Semigroupoid
semigroupoids                    > [10 of 21] Compiling Data.Semigroupoid.Dual
semigroupoids                    > [11 of 21] Compiling Data.Groupoid
semigroupoids                    > [12 of 21] Compiling Data.Isomorphism
semigroupoids                    > [13 of 21] Compiling Data.Semigroupoid.Ob
semigroupoids                    > [14 of 21] Compiling Data.Semigroupoid.Static
semigroupoids                    > [15 of 21] Compiling Data.Traversable.Instances
semigroupoids                    > [16 of 21] Compiling Data.Semigroup.Foldable.Class
semigroupoids                    > [17 of 21] Compiling Data.Semigroup.Bifoldable
semigroupoids                    > [18 of 21] Compiling Data.Semigroup.Foldable
semigroupoids                    > [19 of 21] Compiling Data.Semigroup.Traversable.Class
semigroupoids                    > [20 of 21] Compiling Data.Semigroup.Traversable
semigroupoids                    > [21 of 21] Compiling Data.Semigroup.Bitraversable
semigroupoids                    > ld: warning: -single_module is obsolete
semigroupoids                    > copy/register
semigroupoids                    > Installing library in /Volumes/D/HoTT-downloads/godel-q-setmm-160ebb/x86-stack-root/snapshots/x86_64-osx/dabefbdbe6b1e1687a4d2678d733cf7c7159565f3f2285f4f8b2a36cf5c3af21/8.6.5/lib/x86_64-osx-ghc-8.6.5/semigroupoids-5.3.2-IXn1d4AhZ60KrPZFuBrH37
invariant                        > configure
semigroupoids                    > Registering library for semigroupoids-5.3.2..
invariant                        > Configuring invariant-0.5.3...
invariant                        > build with ghc-8.6.5
invariant                        > Preprocessing library for invariant-0.5.3..
invariant                        > Building library for invariant-0.5.3..
invariant                        > [1 of 4] Compiling Data.Functor.Invariant
invariant                        > [2 of 4] Compiling Data.Functor.Invariant.TH.Internal
invariant                        > [3 of 4] Compiling Data.Functor.Invariant.TH
invariant                        > [4 of 4] Compiling Paths_invariant
invariant                        > ld: warning: -single_module is obsolete
invariant                        > copy/register
invariant                        > Installing library in /Volumes/D/HoTT-downloads/godel-q-setmm-160ebb/x86-stack-root/snapshots/x86_64-osx/dabefbdbe6b1e1687a4d2678d733cf7c7159565f3f2285f4f8b2a36cf5c3af21/8.6.5/lib/x86_64-osx-ghc-8.6.5/invariant-0.5.3-7y9AsT7J8IBKVXvWD4T7kC
invariant                        > Registering library for invariant-0.5.3..
foldl                            > configure
free                             > configure
free                             > Configuring free-5.1.1...
foldl                            > Configuring foldl-1.4.5...
foldl                            > build with ghc-8.6.5
free                             > build with ghc-8.6.5
foldl                            > Preprocessing library for foldl-1.4.5..
foldl                            > Building library for foldl-1.4.5..
free                             > Preprocessing library for free-5.1.1..
free                             > Building library for free-5.1.1..
foldl                            > [1 of 6] Compiling Control.Foldl.Internal
foldl                            > [2 of 6] Compiling Control.Foldl.Optics
foldl                            > 
foldl                            > /Volumes/D/HoTT-downloads/godel-q-setmm-160ebb/x86-tmp/stack-04092edf6ee0f4fb/foldl-1.4.5/src/Control/Foldl/Optics.hs:5:1: warning: [-Wunused-imports]
foldl                            >     The import of ‘Control.Applicative’ is redundant
foldl                            >       except perhaps to import instances from ‘Control.Applicative’
foldl                            >     To import instances alone, use: import Control.Applicative()
foldl                            >   |
foldl                            > 5 | import Control.Applicative
foldl                            >   | ^^^^^^^^^^^^^^^^^^^^^^^^^^
foldl                            > [3 of 6] Compiling Control.Foldl
free                             > [ 1 of 20] Compiling Control.Alternative.Free
free                             > [ 2 of 20] Compiling Control.Alternative.Free.Final
free                             > [ 3 of 20] Compiling Control.Applicative.Free
free                             > [ 4 of 20] Compiling Control.Applicative.Free.Fast
free                             > [ 5 of 20] Compiling Control.Applicative.Free.Final
free                             > [ 6 of 20] Compiling Control.Applicative.Trans.Free
foldl                            > [4 of 6] Compiling Control.Foldl.ByteString
foldl                            > [5 of 6] Compiling Control.Foldl.Text
free                             > [ 7 of 20] Compiling Control.Comonad.Cofree.Class
free                             > [ 8 of 20] Compiling Control.Comonad.Trans.Cofree
foldl                            > [6 of 6] Compiling Control.Scanl
free                             > [ 9 of 20] Compiling Control.Monad.Free.Class
free                             > [10 of 20] Compiling Control.Monad.Free.TH
foldl                            > ld: warning: -single_module is obsolete
free                             > [11 of 20] Compiling Data.Functor.Classes.Compat
foldl                            > copy/register
free                             > [12 of 20] Compiling Control.Monad.Trans.Iter
foldl                            > Installing library in /Volumes/D/HoTT-downloads/godel-q-setmm-160ebb/x86-stack-root/snapshots/x86_64-osx/dabefbdbe6b1e1687a4d2678d733cf7c7159565f3f2285f4f8b2a36cf5c3af21/8.6.5/lib/x86_64-osx-ghc-8.6.5/foldl-1.4.5-3tQRaWQ7cY2HGEO8xmUiam
foldl                            > Registering library for foldl-1.4.5..
free                             > [13 of 20] Compiling Control.Monad.Trans.Free.Ap
free                             > 
free                             > /Volumes/D/HoTT-downloads/godel-q-setmm-160ebb/x86-tmp/stack-04092edf6ee0f4fb/free-5.1.1/src/Control/Monad/Trans/Free/Ap.hs:311:3: warning: [-Wnoncanonical-monadfail-instances]
free                             >     Noncanonical ‘fail’ definition detected
free                             >     in the instance declaration for ‘Monad (FreeT f m)’.
free                             >     Either remove definition for ‘fail’ or define as ‘fail = Control.Monad.Fail.fail’
free                             >     |
free                             > 311 |   fail e = FreeT (fail e)
free                             >     |   ^^^^^^^^^^^^^^^^^^^^^^^
free                             > [14 of 20] Compiling Control.Monad.Trans.Free
free                             > 
free                             > /Volumes/D/HoTT-downloads/godel-q-setmm-160ebb/x86-tmp/stack-04092edf6ee0f4fb/free-5.1.1/src/Control/Monad/Trans/Free.hs:312:3: warning: [-Wnoncanonical-monadfail-instances]
free                             >     Noncanonical ‘fail’ definition detected
free                             >     in the instance declaration for ‘Monad (FreeT f m)’.
free                             >     Either remove definition for ‘fail’ or define as ‘fail = Control.Monad.Fail.fail’
free                             >     |
free                             > 312 |   fail e = FreeT (fail e)
free                             >     |   ^^^^^^^^^^^^^^^^^^^^^^^
free                             > [15 of 20] Compiling Control.Monad.Trans.Free.Church
free                             > [16 of 20] Compiling Control.Monad.Free.Ap
deferred-folds                   > configure
free                             > [17 of 20] Compiling Control.Monad.Free
free                             > [18 of 20] Compiling Control.Monad.Free.Church
deferred-folds                   > Configuring deferred-folds-0.9.10.1...
free                             > [19 of 20] Compiling Control.Comonad.Trans.Coiter
deferred-folds                   > build with ghc-8.6.5
deferred-folds                   > Preprocessing library for deferred-folds-0.9.10.1..
deferred-folds                   > Building library for deferred-folds-0.9.10.1..
free                             > [20 of 20] Compiling Control.Comonad.Cofree
deferred-folds                   > [ 1 of 10] Compiling DeferredFolds.Prelude
deferred-folds                   > [ 2 of 10] Compiling DeferredFolds.Types
deferred-folds                   > [ 3 of 10] Compiling DeferredFolds.Defs.UnfoldrM
deferred-folds                   > [ 4 of 10] Compiling DeferredFolds.Defs.Unfoldr
free                             > ld: warning: -single_module is obsolete
free                             > copy/register
free                             > Installing library in /Volumes/D/HoTT-downloads/godel-q-setmm-160ebb/x86-stack-root/snapshots/x86_64-osx/dabefbdbe6b1e1687a4d2678d733cf7c7159565f3f2285f4f8b2a36cf5c3af21/8.6.5/lib/x86_64-osx-ghc-8.6.5/free-5.1.1-1gm4s3RNcz7AaCIWKVuPVP
deferred-folds                   > [ 5 of 10] Compiling DeferredFolds.Defs.UnfoldlM
free                             > Registering library for free-5.1.1..
deferred-folds                   > [ 6 of 10] Compiling DeferredFolds.UnfoldlM
deferred-folds                   > [ 7 of 10] Compiling DeferredFolds.Defs.Unfoldl
deferred-folds                   > [ 8 of 10] Compiling DeferredFolds.Unfoldl
deferred-folds                   > [ 9 of 10] Compiling DeferredFolds.Unfoldr
deferred-folds                   > [10 of 10] Compiling DeferredFolds.UnfoldrM
deferred-folds                   > ld: warning: -single_module is obsolete
deferred-folds                   > copy/register
deferred-folds                   > Installing library in /Volumes/D/HoTT-downloads/godel-q-setmm-160ebb/x86-stack-root/snapshots/x86_64-osx/dabefbdbe6b1e1687a4d2678d733cf7c7159565f3f2285f4f8b2a36cf5c3af21/8.6.5/lib/x86_64-osx-ghc-8.6.5/deferred-folds-0.9.10.1-1ZBV9fxk9U5AQ3sLD0BLba
deferred-folds                   > Registering library for deferred-folds-0.9.10.1..
adjunctions                      > configure
text-builder                     > configure
adjunctions                      > Configuring adjunctions-4.4...
text-builder                     > Configuring text-builder-0.6.5.1...
adjunctions                      > build with ghc-8.6.5
text-builder                     > build with ghc-8.6.5
adjunctions                      > Preprocessing library for adjunctions-4.4..
adjunctions                      > Building library for adjunctions-4.4..
text-builder                     > Preprocessing library for text-builder-0.6.5.1..
text-builder                     > Building library for text-builder-0.6.5.1..
text-builder                     > [1 of 3] Compiling Text.Builder.Prelude
text-builder                     > [2 of 3] Compiling Text.Builder.UTF16
text-builder                     > [3 of 3] Compiling Text.Builder
adjunctions                      > [ 1 of 11] Compiling Control.Monad.Trans.Conts
text-builder                     > 
text-builder                     > /Volumes/D/HoTT-downloads/godel-q-setmm-160ebb/x86-tmp/stack-04092edf6ee0f4fb/text-builder-0.6.5.1/library/Text/Builder.hs:262:23: warning: [-Wdeprecations]
text-builder                     >     In the use of ‘zipWithReverseIndex’
text-builder                     >     (imported from DeferredFolds.Unfoldr, but defined in deferred-folds-0.9.10.1:DeferredFolds.Defs.Unfoldr):
text-builder                     >     Deprecated: "This function builds up stack. Use 'zipWithIndex' instead."
text-builder                     >     |
text-builder                     > 262 |     (index, digit) <- Unfoldr.zipWithReverseIndex $ Unfoldr.decimalDigits a
text-builder                     >     |                       ^^^^^^^^^^^^^^^^^^^^^^^^^^^
adjunctions                      > [ 2 of 11] Compiling Data.Functor.Contravariant.Rep
adjunctions                      > 
adjunctions                      > /Volumes/D/HoTT-downloads/godel-q-setmm-160ebb/x86-tmp/stack-04092edf6ee0f4fb/adjunctions-4.4/src/Data/Functor/Contravariant/Rep.hs:59:1: warning: [-Winline-rule-shadowing]
adjunctions                      >     Rule "tabulate/index" may never fire
adjunctions                      >       because rule "Class op index" for ‘index’ might fire first
adjunctions                      >     Probable fix: add phase [n] or [~n] to the competing rule
adjunctions                      >    |
adjunctions                      > 59 | "tabulate/index" forall t. tabulate (index t) = t #-}
adjunctions                      >    | ^^^^^^^^^^^^^^^^^^^^^^^^^^^^^^^^^^^^^^^^^^^^^^^^^
adjunctions                      > [ 3 of 11] Compiling Data.Functor.Contravariant.Adjunction
adjunctions                      > [ 4 of 11] Compiling Control.Monad.Trans.Contravariant.Adjoint
adjunctions                      > [ 5 of 11] Compiling Data.Functor.Rep
text-builder                     > ld: warning: -single_module is obsolete
text-builder                     > copy/register
adjunctions                      > 
adjunctions                      > /Volumes/D/HoTT-downloads/godel-q-setmm-160ebb/x86-tmp/stack-04092edf6ee0f4fb/adjunctions-4.4/src/Data/Functor/Rep.hs:250:1: warning: [-Winline-rule-shadowing]
adjunctions                      >     Rule "tabulate/index" may never fire
adjunctions                      >       because rule "Class op index" for ‘index’ might fire first
adjunctions                      >     Probable fix: add phase [n] or [~n] to the competing rule
adjunctions                      >     |
adjunctions                      > 250 | "tabulate/index" forall t. tabulate (index t) = t #-}
adjunctions                      >     | ^^^^^^^^^^^^^^^^^^^^^^^^^^^^^^^^^^^^^^^^^^^^^^^^^
text-builder                     > Installing library in /Volumes/D/HoTT-downloads/godel-q-setmm-160ebb/x86-stack-root/snapshots/x86_64-osx/dabefbdbe6b1e1687a4d2678d733cf7c7159565f3f2285f4f8b2a36cf5c3af21/8.6.5/lib/x86_64-osx-ghc-8.6.5/text-builder-0.6.5.1-4fzii0z06VP8zLjsbT7MFv
text-builder                     > Registering library for text-builder-0.6.5.1..
adjunctions                      > [ 6 of 11] Compiling Data.Functor.Adjunction
adjunctions                      > 
adjunctions                      > /Volumes/D/HoTT-downloads/godel-q-setmm-160ebb/x86-tmp/stack-04092edf6ee0f4fb/adjunctions-4.4/src/Data/Functor/Adjunction.hs:9:14: warning: [-Wtrustworthy-safe]
adjunctions                      >     ‘Data.Functor.Adjunction’ is marked as Trustworthy but has been inferred as safe!
adjunctions                      >   |
adjunctions                      > 9 | {-# LANGUAGE Trustworthy #-}
adjunctions                      >   |              ^^^^^^^^^^^
adjunctions                      > [ 7 of 11] Compiling Control.Monad.Trans.Adjoint
adjunctions                      > [ 8 of 11] Compiling Control.Comonad.Trans.Adjoint
adjunctions                      > [ 9 of 11] Compiling Control.Monad.Representable.State
adjunctions                      > [10 of 11] Compiling Control.Monad.Representable.Reader
adjunctions                      > [11 of 11] Compiling Control.Comonad.Representable.Store
adjunctions                      > 
adjunctions                      > /Volumes/D/HoTT-downloads/godel-q-setmm-160ebb/x86-tmp/stack-04092edf6ee0f4fb/adjunctions-4.4/src/Control/Comonad/Representable/Store.hs:46:1: warning: [-Wunused-imports]
adjunctions                      >     The import of ‘Data.Semigroup’ is redundant
adjunctions                      >       except perhaps to import instances from ‘Data.Semigroup’
adjunctions                      >     To import instances alone, use: import Data.Semigroup()
adjunctions                      >    |
adjunctions                      > 46 | import Data.Semigroup
adjunctions                      >    | ^^^^^^^^^^^^^^^^^^^^^
adjunctions                      > ld: warning: -single_module is obsolete
adjunctions                      > copy/register
adjunctions                      > Installing library in /Volumes/D/HoTT-downloads/godel-q-setmm-160ebb/x86-stack-root/snapshots/x86_64-osx/dabefbdbe6b1e1687a4d2678d733cf7c7159565f3f2285f4f8b2a36cf5c3af21/8.6.5/lib/x86_64-osx-ghc-8.6.5/adjunctions-4.4-2MXbdmKj9tbDX9P8kRoK94
adjunctions                      > Registering library for adjunctions-4.4..
kan-extensions                   > configure
kan-extensions                   > Configuring kan-extensions-5.2...
kan-extensions                   > build with ghc-8.6.5
kan-extensions                   > Preprocessing library for kan-extensions-5.2..
kan-extensions                   > Building library for kan-extensions-5.2..
kan-extensions                   > [ 1 of 13] Compiling Data.Functor.Contravariant.Coyoneda
kan-extensions                   > [ 2 of 13] Compiling Data.Functor.Contravariant.Day
kan-extensions                   > [ 3 of 13] Compiling Data.Functor.Contravariant.Yoneda
kan-extensions                   > [ 4 of 13] Compiling Data.Functor.Day
kan-extensions                   > [ 5 of 13] Compiling Data.Functor.Day.Curried
kan-extensions                   > [ 6 of 13] Compiling Data.Functor.Invariant.Day
kan-extensions                   > [ 7 of 13] Compiling Data.Functor.Kan.Lan
kan-extensions                   > [ 8 of 13] Compiling Data.Functor.Coyoneda
kan-extensions                   > [ 9 of 13] Compiling Control.Comonad.Density
kan-extensions                   > [10 of 13] Compiling Control.Monad.Co
kan-extensions                   > [11 of 13] Compiling Data.Functor.Kan.Ran
kan-extensions                   > [12 of 13] Compiling Control.Monad.Codensity
kan-extensions                   > [13 of 13] Compiling Data.Functor.Yoneda
kan-extensions                   > ld: warning: -single_module is obsolete
kan-extensions                   > copy/register
kan-extensions                   > Installing library in /Volumes/D/HoTT-downloads/godel-q-setmm-160ebb/x86-stack-root/snapshots/x86_64-osx/dabefbdbe6b1e1687a4d2678d733cf7c7159565f3f2285f4f8b2a36cf5c3af21/8.6.5/lib/x86_64-osx-ghc-8.6.5/kan-extensions-5.2-1ait89GgqwlIgaE2Y7xlci
kan-extensions                   > Registering library for kan-extensions-5.2..
lens                             > configure
lens                             > [1 of 2] Compiling Main             ( /Volumes/D/HoTT-downloads/godel-q-setmm-160ebb/x86-tmp/stack-04092edf6ee0f4fb/lens-4.17.1/Setup.lhs, /Volumes/D/HoTT-downloads/godel-q-setmm-160ebb/x86-tmp/stack-04092edf6ee0f4fb/lens-4.17.1/.stack-work/dist/x86_64-osx/ghc-8.6.5/setup/Main.o )
lens                             > [2 of 2] Compiling StackSetupShim   ( /Volumes/D/HoTT-downloads/godel-q-setmm-160ebb/x86-stack-root/setup-exe-src/setup-shim-w2MFVN35.hs, /Volumes/D/HoTT-downloads/godel-q-setmm-160ebb/x86-tmp/stack-04092edf6ee0f4fb/lens-4.17.1/.stack-work/dist/x86_64-osx/ghc-8.6.5/setup/StackSetupShim.o )
lens                             > Linking /Volumes/D/HoTT-downloads/godel-q-setmm-160ebb/x86-tmp/stack-04092edf6ee0f4fb/lens-4.17.1/.stack-work/dist/x86_64-osx/ghc-8.6.5/setup/setup ...
lens                             > ld: warning: ignoring duplicate libraries: '-lm'
lens                             > Configuring lens-4.17.1...
lens                             > build with ghc-8.6.5
lens                             > Preprocessing library for lens-4.17.1..
lens                             > Building library for lens-4.17.1..
lens                             > [ 1 of 83] Compiling Control.Lens.Internal.CTypes
lens                             > [ 2 of 83] Compiling Control.Lens.Internal.Coerce
lens                             > [ 3 of 83] Compiling Control.Lens.Internal.Getter
lens                             > [ 4 of 83] Compiling Control.Lens.Internal.Fold
lens                             > [ 5 of 83] Compiling Control.Lens.Internal.Instances
lens                             > [ 6 of 83] Compiling Control.Lens.Internal.Indexed
lens                             > [ 7 of 83] Compiling Control.Lens.Internal.Context
lens                             > [ 8 of 83] Compiling Control.Lens.Internal.Bazaar
lens                             > [ 9 of 83] Compiling Control.Lens.Internal.Iso
lens                             > [10 of 83] Compiling Control.Lens.Internal.Level
lens                             > [11 of 83] Compiling Control.Lens.Internal.List
lens                             > [12 of 83] Compiling Control.Lens.Internal.Magma
lens                             > [13 of 83] Compiling Control.Lens.Internal.Prism
lens                             > [14 of 83] Compiling Control.Lens.Internal.Review
lens                             > [15 of 83] Compiling Control.Lens.Internal.Setter
lens                             > [16 of 83] Compiling Control.Lens.Internal.TH
lens                             > [17 of 83] Compiling Control.Lens.Internal.Zoom
lens                             > [18 of 83] Compiling Control.Lens.Internal
lens                             > [19 of 83] Compiling Control.Lens.Type
lens                             > [20 of 83] Compiling Control.Lens.Setter
lens                             > [21 of 83] Compiling Control.Lens.Lens
lens                             > [22 of 83] Compiling Control.Lens.Tuple
lens                             > [23 of 83] Compiling Control.Lens.Getter
lens                             > [24 of 83] Compiling Control.Lens.Review
lens                             > [25 of 83] Compiling Control.Lens.Prism
lens                             > [26 of 83] Compiling Control.Lens.Fold
lens                             > [27 of 83] Compiling Control.Lens.Traversal
lens                             > [28 of 83] Compiling Control.Lens.Level
lens                             > [29 of 83] Compiling Control.Lens.Reified
lens                             > [30 of 83] Compiling Control.Lens.Internal.Exception
lens                             > [31 of 83] Compiling Control.Lens.Indexed
lens                             > [32 of 83] Compiling Control.Lens.Internal.ByteString
lens                             > [33 of 83] Compiling Control.Lens.Equality
lens                             > [34 of 83] Compiling Control.Lens.Iso
lens                             > [35 of 83] Compiling Control.Lens.Empty
lens                             > [36 of 83] Compiling Control.Lens.Cons
lens                             > [37 of 83] Compiling Control.Lens.Internal.Deque
lens                             > [38 of 83] Compiling Control.Lens.Wrapped
lens                             > [39 of 83] Compiling Control.Lens.Zoom
lens                             > [40 of 83] Compiling Data.Data.Lens
lens                             > [41 of 83] Compiling Control.Lens.Plated
lens                             > [42 of 83] Compiling Data.HashSet.Lens
lens                             > [43 of 83] Compiling Data.Map.Lens
lens                             > [44 of 83] Compiling Data.Set.Lens
lens                             > [45 of 83] Compiling Data.Text.Lazy.Lens
lens                             > [46 of 83] Compiling Data.Text.Strict.Lens
lens                             > [47 of 83] Compiling Data.Text.Lens
lens                             > [48 of 83] Compiling Data.Vector.Generic.Lens
lens                             > [49 of 83] Compiling Control.Lens.Each
lens                             > [50 of 83] Compiling Control.Lens.At
lens                             > [51 of 83] Compiling Language.Haskell.TH.Lens
lens                             > [52 of 83] Compiling Control.Lens.Internal.PrismTH
lens                             > [53 of 83] Compiling Control.Lens.Internal.FieldTH
lens                             > [54 of 83] Compiling Control.Lens.TH
lens                             > [55 of 83] Compiling Control.Lens
lens                             > [56 of 83] Compiling GHC.Generics.Lens
lens                             > [57 of 83] Compiling Data.Vector.Lens
lens                             > [58 of 83] Compiling Data.Typeable.Lens
lens                             > [59 of 83] Compiling Data.Tree.Lens
lens                             > [60 of 83] Compiling Data.Sequence.Lens
lens                             > [61 of 83] Compiling Data.List.Lens
lens                             > [62 of 83] Compiling Data.IntSet.Lens
lens                             > [63 of 83] Compiling Data.Complex.Lens
lens                             > [64 of 83] Compiling Data.ByteString.Strict.Lens
lens                             > [65 of 83] Compiling Data.ByteString.Lazy.Lens
lens                             > [66 of 83] Compiling Data.ByteString.Lens
lens                             > [67 of 83] Compiling Data.Bits.Lens
lens                             > [68 of 83] Compiling Data.Array.Lens
lens                             > [69 of 83] Compiling Control.Seq.Lens
lens                             > [70 of 83] Compiling Control.Parallel.Strategies.Lens
lens                             > [71 of 83] Compiling Control.Monad.Error.Lens
lens                             > [72 of 83] Compiling Control.Lens.Unsound
lens                             > [73 of 83] Compiling Control.Lens.Operators
lens                             > [74 of 83] Compiling Control.Lens.Extras
lens                             > [75 of 83] Compiling Control.Lens.Combinators
lens                             > [76 of 83] Compiling Control.Exception.Lens
lens                             > [77 of 83] Compiling Data.Dynamic.Lens
lens                             > [78 of 83] Compiling Numeric.Lens
lens                             > [79 of 83] Compiling Numeric.Natural.Lens
lens                             > [80 of 83] Compiling Paths_lens
lens                             > [81 of 83] Compiling System.Exit.Lens
lens                             > [82 of 83] Compiling System.FilePath.Lens
lens                             > [83 of 83] Compiling System.IO.Error.Lens
lens                             > ld: warning: -single_module is obsolete
lens                             > copy/register
lens                             > Installing library in /Volumes/D/HoTT-downloads/godel-q-setmm-160ebb/x86-stack-root/snapshots/x86_64-osx/dabefbdbe6b1e1687a4d2678d733cf7c7159565f3f2285f4f8b2a36cf5c3af21/8.6.5/lib/x86_64-osx-ghc-8.6.5/lens-4.17.1-LYzOvUEJ2VU6bhrmSoNjt1
lens                             > Registering library for lens-4.17.1..
haskell-lsp-types                > configure
haskell-lsp-types                > Configuring haskell-lsp-types-0.15.0.0...
haskell-lsp-types                > build with ghc-8.6.5
haskell-lsp-types                > Preprocessing library for haskell-lsp-types-0.15.0.0..
haskell-lsp-types                > Building library for haskell-lsp-types-0.15.0.0..
haskell-lsp-types                > [ 1 of 25] Compiling Language.Haskell.LSP.Types.Constants
haskell-lsp-types                > [ 2 of 25] Compiling Language.Haskell.LSP.Types.List
haskell-lsp-types                > [ 3 of 25] Compiling Language.Haskell.LSP.Types.DocumentFilter
haskell-lsp-types                > ld: warning: -single_module is obsolete
haskell-lsp-types                > [ 4 of 25] Compiling Language.Haskell.LSP.Types.Command
haskell-lsp-types                > [ 5 of 25] Compiling Language.Haskell.LSP.Types.MarkupContent
haskell-lsp-types                > [ 6 of 25] Compiling Language.Haskell.LSP.Types.Message
haskell-lsp-types                > [ 7 of 25] Compiling Language.Haskell.LSP.Types.Uri
haskell-lsp-types                > [ 8 of 25] Compiling Language.Haskell.LSP.Types.Location
haskell-lsp-types                > [ 9 of 25] Compiling Language.Haskell.LSP.Types.TextDocument
haskell-lsp-types                > [10 of 25] Compiling Language.Haskell.LSP.Types.FoldingRange
haskell-lsp-types                > [11 of 25] Compiling Language.Haskell.LSP.Types.Symbol
haskell-lsp-types                > [12 of 25] Compiling Language.Haskell.LSP.Types.Diagnostic
haskell-lsp-types                > [13 of 25] Compiling Language.Haskell.LSP.Types.Utils
haskell-lsp-types                > [14 of 25] Compiling Language.Haskell.LSP.Types.Window
haskell-lsp-types                > [15 of 25] Compiling Language.Haskell.LSP.Types.WorkspaceEdit
haskell-lsp-types                > [16 of 25] Compiling Language.Haskell.LSP.Types.Completion
haskell-lsp-types                > ld: warning: -single_module is obsolete
haskell-lsp-types                > [17 of 25] Compiling Language.Haskell.LSP.Types.Color
haskell-lsp-types                > [18 of 25] Compiling Language.Haskell.LSP.Types.CodeAction
haskell-lsp-types                > [19 of 25] Compiling Language.Haskell.LSP.Types.ClientCapabilities
haskell-lsp-types                > [20 of 25] Compiling Language.Haskell.LSP.Types.WorkspaceFolders
haskell-lsp-types                > [21 of 25] Compiling Language.Haskell.LSP.Types.DataTypesJSON
haskell-lsp-types                > [22 of 25] Compiling Language.Haskell.LSP.Types.Lens
haskell-lsp-types                > [23 of 25] Compiling Language.Haskell.LSP.Types
haskell-lsp-types                > [24 of 25] Compiling Language.Haskell.LSP.Types.MessageFuncs
haskell-lsp-types                > [25 of 25] Compiling Language.Haskell.LSP.Types.Capabilities
haskell-lsp-types                > ld: warning: -single_module is obsolete
haskell-lsp-types                > copy/register
haskell-lsp-types                > Installing library in /Volumes/D/HoTT-downloads/godel-q-setmm-160ebb/x86-stack-root/snapshots/x86_64-osx/dabefbdbe6b1e1687a4d2678d733cf7c7159565f3f2285f4f8b2a36cf5c3af21/8.6.5/lib/x86_64-osx-ghc-8.6.5/haskell-lsp-types-0.15.0.0-HQs7T0jyFPi1brdspKyiYy
haskell-lsp-types                > Registering library for haskell-lsp-types-0.15.0.0..
haskell-lsp                      > configure
haskell-lsp                      > Configuring haskell-lsp-0.15.0.0...
haskell-lsp                      > build with ghc-8.6.5
haskell-lsp                      > Preprocessing library for haskell-lsp-0.15.0.0..
haskell-lsp                      > Building library for haskell-lsp-0.15.0.0..
haskell-lsp                      > [1 of 8] Compiling Language.Haskell.LSP.Constant
haskell-lsp                      > [2 of 8] Compiling Language.Haskell.LSP.Diagnostics
haskell-lsp                      > [3 of 8] Compiling Language.Haskell.LSP.Messages
haskell-lsp                      > [4 of 8] Compiling Language.Haskell.LSP.Capture
haskell-lsp                      > [5 of 8] Compiling Language.Haskell.LSP.Utility
haskell-lsp                      > [6 of 8] Compiling Language.Haskell.LSP.VFS
haskell-lsp                      > [7 of 8] Compiling Language.Haskell.LSP.Core
haskell-lsp                      > [8 of 8] Compiling Language.Haskell.LSP.Control
haskell-lsp                      > ld: warning: -single_module is obsolete
haskell-lsp                      > copy/register
haskell-lsp                      > Installing library in /Volumes/D/HoTT-downloads/godel-q-setmm-160ebb/x86-stack-root/snapshots/x86_64-osx/dabefbdbe6b1e1687a4d2678d733cf7c7159565f3f2285f4f8b2a36cf5c3af21/8.6.5/lib/x86_64-osx-ghc-8.6.5/haskell-lsp-0.15.0.0-7cTHFX1sFHsA8yD90WPp4D
haskell-lsp                      > Registering library for haskell-lsp-0.15.0.0..
mm0-hs                           > configure (exe)
Configuring mm0-hs-0.1.0.0...
mm0-hs                           > build (exe) with ghc-8.6.5
Preprocessing executable 'mm0-hs' for mm0-hs-0.1.0.0..
unused terminals: 1
Building executable 'mm0-hs' for mm0-hs-0.1.0.0..
[ 1 of 39] Compiling MM0.FrontEnd.Lexer
[ 2 of 39] Compiling MM0.Kernel.Environment
[ 3 of 39] Compiling MM0.FrontEnd.AST
[ 4 of 39] Compiling MM0.FrontEnd.Parser
[ 5 of 39] Compiling MM0.FromMM.Types
[ 6 of 39] Compiling MM0.FromMM.Emancipate
[ 7 of 39] Compiling MM0.FromMM.Closure
[ 8 of 39] Compiling MM0.Compiler.AST
[ 9 of 39] Compiling MM0.Kernel.Types
[10 of 39] Compiling MM0.Util
[11 of 39] Compiling MM0.Kernel.Verifier
[12 of 39] Compiling MM0.Kernel.SpecCheck
[13 of 39] Compiling MM0.HOL.Types
[14 of 39] Compiling MM0.HOL.ToLisp
[15 of 39] Compiling MM0.HOL.ToOpenTheory
[16 of 39] Compiling MM0.HOL.ToLean
[17 of 39] Compiling MM0.HOL.ToHol
[18 of 39] Compiling MM0.HOL.Check
[19 of 39] Compiling MM0.FrontEnd.ProofTextParser
[20 of 39] Compiling MM0.HOL.ToHolIO
[21 of 39] Compiling MM0.FrontEnd.ParserEnv
[22 of 39] Compiling MM0.FrontEnd.LocalContext
[23 of 39] Compiling MM0.FrontEnd.MathParser
[24 of 39] Compiling MM0.FrontEnd.Elaborator
[25 of 39] Compiling MM0.FromMM.Parser
[26 of 39] Compiling MM0.FromMM.FindBundled
[27 of 39] Compiling MM0.Compiler.Parser
[28 of 39] Compiling MM0.Compiler.Env
[29 of 39] Compiling MM0.Compiler.PrettyPrinter
[30 of 39] Compiling MM0.Compiler.PositionInfo
[31 of 39] Compiling MM0.Compiler.MathParser
[32 of 39] Compiling MM0.Compiler.Export
[33 of 39] Compiling MM0.Kernel.Driver
[34 of 39] Compiling MM0.FromMM
[35 of 39] Compiling MM0.Compiler.Elaborator
[36 of 39] Compiling MM0.Server
[37 of 39] Compiling MM0.Compiler
[38 of 39] Compiling Main
[39 of 39] Compiling Paths_mm0_hs
Linking /Volumes/D/HoTT-downloads/godel-q-setmm-160ebb/mm0-0d414c0/mm0-hs/.stack-work/dist/x86_64-osx/ghc-8.6.5/build/mm0-hs/mm0-hs ...
ld: warning: ignoring duplicate libraries: '-lm'
mm0-hs                           > copy/register
Installing executable mm0-hs in /Volumes/D/HoTT-downloads/godel-q-setmm-160ebb/mm0-0d414c0/mm0-hs/.stack-work/install/x86_64-osx/dabefbdbe6b1e1687a4d2678d733cf7c7159565f3f2285f4f8b2a36cf5c3af21/8.6.5/bin
Completed 59 action(s).
